customer_id,churn,future_12m_revenue
1,0,320.0
2,1,100.0
3,0,40.0
4,0,60.0
5,0,240.0
6,0,70.0
7,1,80.0
8,1,50.0
9,1,100.0
10,0,120.0
11,0,70.0
12,0,120.0
13,1,280.0
14,1,60.0
15,1,80.0
16,0,60.0
17,0,120.0
18,1,240.0
19,1,80.0
20,1,360.0
21,0,160.0
22,0,120.0
23,1,160.0
24,1,320.0
25,0,110.0
26,0,40.0
27,1,40.0
28,0,360.0
29,1,180.0
30,0,30.0
31,0,40.0
32,0,200.0
33,1,70.0
34,0,200.0
35,0,160.0
36,0,220.0
37,1,80.0
38,1,140.0
39,1,160.0
40,0,120.0
41,0,40.0
42,0,140.0
43,1,50.0
44,1,80.0
45,0,70.0
46,0,130.0
47,0,80.0
48,0,80.0
49,0,280.0
50,0,80.0
51,0,140.0
52,0,100.0
53,0,140.0
54,0,70.0
55,0,160.0
56,0,120.0
57,0,60.0
58,0,160.0
59,0,180.0
60,0,80.0
61,0,200.0
62,0,200.0
63,0,180.0
64,0,80.0
65,1,180.0
66,1,90.0
67,0,80.0
68,1,280.0
69,0,70.0
70,0,70.0
71,1,120.0
72,1,160.0
73,0,140.0
74,0,30.0
75,0,180.0
76,0,40.0
77,0,360.0
78,0,320.0
79,0,200.0
80,0,60.0
81,0,90.0
82,0,90.0
83,0,50.0
84,0,60.0
85,0,120.0
86,0,50.0
87,1,180.0
88,0,60.0
89,0,80.0
90,0,400.0
91,0,120.0
92,0,60.0
93,0,140.0
94,0,220.0
95,0,140.0
96,1,60.0
97,1,120.0
98,1,120.0
99,0,200.0
100,0,90.0
101,1,140.0
102,0,100.0
103,1,40.0
104,0,160.0
105,0,40.0
106,0,80.0
107,1,200.0
108,0,280.0
109,1,70.0
110,0,140.0
111,0,80.0
112,1,360.0
113,1,70.0
114,0,40.0
115,0,100.0
116,0,100.0
117,0,100.0
118,0,120.0
119,0,50.0
120,1,140.0
121,1,360.0
122,0,180.0
123,1,160.0
124,0,120.0
125,1,50.0
126,0,100.0
127,1,180.0
128,0,70.0
129,1,60.0
130,0,240.0
131,0,50.0
132,1,50.0
133,0,80.0
134,0,40.0
135,0,200.0
136,0,100.0
137,0,240.0
138,1,110.0
139,0,120.0
140,0,300.0
141,0,360.0
142,0,80.0
143,0,60.0
144,0,80.0
145,0,60.0
146,0,80.0
147,0,70.0
148,0,60.0
149,0,40.0
150,1,40.0
151,0,90.0
152,0,90.0
153,0,70.0
154,0,120.0
155,0,180.0
156,1,100.0
157,0,200.0
158,0,70.0
159,0,140.0
160,1,120.0
161,1,100.0
162,1,80.0
163,1,100.0
164,0,140.0
165,0,50.0
166,0,120.0
167,0,80.0
168,0,70.0
169,0,70.0
170,0,70.0
171,0,50.0
172,0,180.0
173,1,200.0
174,0,320.0
175,0,50.0
176,0,80.0
177,0,50.0
178,0,160.0
179,1,180.0
180,0,80.0
181,0,110.0
182,1,120.0
183,0,80.0
184,0,70.0
185,0,50.0
186,1,160.0
187,0,50.0
188,1,100.0
189,0,40.0
190,0,70.0
191,0,70.0
192,0,360.0
193,0,120.0
194,1,50.0
195,0,130.0
196,1,20.0
197,1,50.0
198,0,280.0
199,1,80.0
200,0,160.0
201,0,120.0
202,0,70.0
203,1,50.0
204,0,70.0
205,0,100.0
206,0,80.0
207,0,180.0
208,1,60.0
209,1,140.0
210,0,400.0
211,0,240.0
212,1,50.0
213,1,60.0
214,0,320.0
215,1,40.0
216,0,520.0
217,1,70.0
218,0,100.0
219,0,80.0
220,1,80.0
221,0,200.0
222,1,180.0
223,1,160.0
224,0,140.0
225,0,200.0
226,0,140.0
227,0,140.0
228,0,120.0
229,0,480.0
230,0,60.0
231,0,360.0
232,0,280.0
233,1,180.0
234,1,120.0
235,0,100.0
236,0,40.0
237,0,140.0
238,0,140.0
239,0,240.0
240,0,400.0
241,1,280.0
242,0,70.0
243,1,140.0
244,0,80.0
245,1,240.0
246,0,180.0
247,0,80.0
248,0,120.0
249,0,110.0
250,0,280.0
251,0,200.0
252,0,180.0
253,0,90.0
254,0,50.0
255,0,480.0
256,1,280.0
257,1,40.0
258,0,140.0
259,0,160.0
260,0,260.0
261,0,120.0
262,0,70.0
263,0,60.0
264,0,120.0
265,1,160.0
266,0,120.0
267,0,80.0
268,1,100.0
269,0,120.0
270,0,140.0
271,0,160.0
272,0,40.0
273,1,70.0
274,0,80.0
275,0,120.0
276,1,100.0
277,0,90.0
278,0,40.0
279,0,80.0
280,1,340.0
281,0,360.0
282,0,100.0
283,1,120.0
284,1,220.0
285,0,30.0
286,0,100.0
287,1,180.0
288,0,40.0
289,0,180.0
290,0,320.0
291,0,90.0
292,0,20.0
293,0,100.0
294,0,320.0
295,0,80.0
296,0,40.0
297,1,50.0
298,0,60.0
299,1,100.0
300,0,60.0
301,0,110.0
302,0,360.0
303,1,30.0
304,1,140.0
305,1,70.0
306,0,100.0
307,0,120.0
308,0,60.0
309,0,180.0
310,0,140.0
311,1,70.0
312,1,50.0
313,1,100.0
314,1,240.0
315,0,80.0
316,0,160.0
317,0,440.0
318,0,160.0
319,1,140.0
320,1,60.0
321,1,90.0
322,1,70.0
323,1,80.0
324,1,120.0
325,0,200.0
326,0,120.0
327,1,360.0
328,1,70.0
329,0,30.0
330,0,160.0
331,0,40.0
332,0,220.0
333,0,50.0
334,0,320.0
335,0,140.0
336,0,140.0
337,1,70.0
338,1,80.0
339,1,70.0
340,0,320.0
341,0,60.0
342,1,90.0
343,0,80.0
344,0,80.0
345,1,140.0
346,1,100.0
347,0,80.0
348,1,70.0
349,1,50.0
350,0,60.0
351,0,320.0
352,1,140.0
353,0,160.0
354,0,360.0
355,0,30.0
356,0,80.0
357,0,80.0
358,0,200.0
359,1,50.0
360,1,80.0
361,0,60.0
362,0,90.0
363,0,50.0
364,0,40.0
365,1,110.0
366,1,160.0
367,0,80.0
368,1,120.0
369,1,240.0
370,0,60.0
371,0,100.0
372,1,180.0
373,1,70.0
374,0,90.0
375,0,70.0
376,1,240.0
377,1,40.0
378,0,80.0
379,1,240.0
380,0,50.0
381,1,320.0
382,1,70.0
383,0,60.0
384,0,60.0
385,0,50.0
386,0,50.0
387,1,40.0
388,1,140.0
389,1,40.0
390,0,80.0
391,1,70.0
392,0,120.0
393,1,50.0
394,0,100.0
395,1,80.0
396,0,80.0
397,0,160.0
398,0,50.0
399,0,80.0
400,0,100.0
401,0,240.0
402,0,50.0
403,1,90.0
404,0,400.0
405,0,240.0
406,0,200.0
407,0,100.0
408,1,30.0
409,0,90.0
410,0,60.0
411,0,70.0
412,0,140.0
413,0,60.0
414,0,40.0
415,0,160.0
416,0,70.0
417,0,240.0
418,0,180.0
419,0,160.0
420,0,440.0
421,1,240.0
422,0,140.0
423,1,320.0
424,0,100.0
425,0,70.0
426,0,140.0
427,0,140.0
428,1,50.0
429,0,220.0
430,1,140.0
431,0,280.0
432,0,180.0
433,0,160.0
434,0,140.0
435,0,80.0
436,0,80.0
437,0,90.0
438,1,60.0
439,1,100.0
440,0,90.0
441,1,240.0
442,0,200.0
443,1,140.0
444,0,200.0
445,0,30.0
446,0,100.0
447,0,320.0
448,0,60.0
449,1,50.0
450,0,480.0
451,1,70.0
452,1,60.0
453,0,70.0
454,0,80.0
455,0,70.0
456,0,100.0
457,1,40.0
458,0,160.0
459,0,140.0
460,0,100.0
461,0,30.0
462,0,70.0
463,0,160.0
464,0,100.0
465,0,160.0
466,0,360.0
467,0,100.0
468,1,320.0
469,0,100.0
470,0,160.0
471,0,180.0
472,1,280.0
473,0,100.0
474,0,70.0
475,0,200.0
476,0,70.0
477,0,140.0
478,0,160.0
479,1,140.0
480,1,90.0
481,1,90.0
482,0,280.0
483,1,60.0
484,0,240.0
485,0,50.0
486,0,40.0
487,0,360.0
488,0,70.0
489,1,40.0
490,1,70.0
491,1,140.0
492,0,100.0
493,1,320.0
494,1,80.0
495,1,200.0
496,0,60.0
497,1,240.0
498,0,80.0
499,0,50.0
500,1,70.0
501,0,160.0
502,0,110.0
503,0,200.0
504,0,100.0
505,0,70.0
506,1,60.0
507,1,80.0
508,1,50.0
509,0,110.0
510,0,160.0
511,0,110.0
512,1,70.0
513,0,120.0
514,0,220.0
515,0,320.0
516,0,120.0
517,0,70.0
518,0,70.0
519,0,60.0
520,1,60.0
521,1,100.0
522,1,30.0
523,0,360.0
524,1,140.0
525,1,80.0
526,0,80.0
527,0,120.0
528,0,50.0
529,0,80.0
530,1,50.0
531,0,100.0
532,0,200.0
533,1,70.0
534,0,100.0
535,0,240.0
536,0,70.0
537,1,280.0
538,0,160.0
539,0,30.0
540,1,40.0
541,1,80.0
542,0,100.0
543,0,50.0
544,0,320.0
545,0,360.0
546,0,160.0
547,0,20.0
548,0,120.0
549,0,180.0
550,0,60.0
551,1,180.0
552,0,100.0
553,0,60.0
554,0,90.0
555,0,110.0
556,1,140.0
557,0,50.0
558,0,70.0
559,0,40.0
560,0,160.0
561,1,70.0
562,0,80.0
563,0,280.0
564,1,160.0
565,0,80.0
566,1,440.0
567,0,70.0
568,0,80.0
569,0,80.0
570,0,240.0
571,0,180.0
572,0,320.0
573,0,60.0
574,0,140.0
575,0,70.0
576,0,200.0
577,1,100.0
578,0,80.0
579,0,70.0
580,0,80.0
581,0,60.0
582,0,80.0
583,0,100.0
584,0,40.0
585,1,90.0
586,1,100.0
587,0,90.0
588,0,200.0
589,0,50.0
590,0,60.0
591,0,10.0
592,0,400.0
593,1,240.0
594,1,50.0
595,0,160.0
596,0,100.0
597,0,90.0
598,1,240.0
599,1,160.0
600,0,130.0
601,0,240.0
602,0,120.0
603,0,140.0
604,0,110.0
605,0,90.0
606,0,40.0
607,0,180.0
608,1,160.0
609,0,100.0
610,1,70.0
611,0,160.0
612,0,70.0
613,0,360.0
614,0,160.0
615,0,130.0
616,0,80.0
617,0,50.0
618,0,100.0
619,0,280.0
620,1,140.0
621,0,180.0
622,0,140.0
623,1,60.0
624,0,50.0
625,0,80.0
626,0,110.0
627,1,110.0
628,0,80.0
629,1,70.0
630,0,120.0
631,1,100.0
632,0,200.0
633,0,280.0
634,1,180.0
635,0,120.0
636,0,240.0
637,0,100.0
638,0,180.0
639,0,140.0
640,1,140.0
641,1,70.0
642,0,160.0
643,0,60.0
644,0,100.0
645,0,80.0
646,0,40.0
647,0,200.0
648,0,120.0
649,0,50.0
650,0,90.0
651,0,70.0
652,0,100.0
653,0,60.0
654,0,80.0
655,0,80.0
656,0,160.0
657,0,220.0
658,0,80.0
659,0,220.0
660,0,80.0
661,0,50.0
662,0,80.0
663,0,520.0
664,0,50.0
665,1,40.0
666,0,90.0
667,0,360.0
668,1,60.0
669,0,80.0
670,0,50.0
671,0,120.0
672,0,50.0
673,0,280.0
674,0,180.0
675,0,60.0
676,0,140.0
677,1,180.0
678,0,140.0
679,1,100.0
680,0,220.0
681,0,40.0
682,0,50.0
683,0,200.0
684,0,320.0
685,0,70.0
686,1,60.0
687,1,60.0
688,1,80.0
689,0,40.0
690,1,50.0
691,0,140.0
692,0,80.0
693,1,80.0
694,0,240.0
695,0,80.0
696,0,100.0
697,0,60.0
698,0,160.0
699,1,50.0
700,0,50.0
701,0,160.0
702,0,140.0
703,0,50.0
704,1,50.0
705,1,80.0
706,1,180.0
707,1,200.0
708,1,160.0
709,1,360.0
710,0,80.0
711,0,60.0
712,0,120.0
713,0,320.0
714,0,60.0
715,0,50.0
716,0,50.0
717,0,180.0
718,0,140.0
719,0,70.0
720,1,40.0
721,1,100.0
722,1,160.0
723,1,50.0
724,1,160.0
725,0,60.0
726,1,80.0
727,1,200.0
728,0,50.0
729,1,160.0
730,0,100.0
731,1,40.0
732,0,80.0
733,1,70.0
734,0,60.0
735,0,160.0
736,0,140.0
737,0,320.0
738,0,240.0
739,1,60.0
740,1,120.0
741,1,40.0
742,0,80.0
743,0,160.0
744,0,70.0
745,0,120.0
746,0,50.0
747,0,50.0
748,1,70.0
749,1,200.0
750,0,100.0
751,0,140.0
752,0,60.0
753,0,70.0
754,1,70.0
755,0,30.0
756,0,90.0
757,0,120.0
758,0,110.0
759,0,200.0
760,0,40.0
761,0,80.0
762,0,160.0
763,0,140.0
764,0,240.0
765,0,140.0
766,0,320.0
767,0,110.0
768,0,180.0
769,0,40.0
770,1,90.0
771,1,200.0
772,0,140.0
773,0,180.0
774,0,90.0
775,1,60.0
776,1,100.0
777,0,160.0
778,1,320.0
779,1,80.0
780,0,80.0
781,0,80.0
782,0,120.0
783,1,60.0
784,0,60.0
785,0,100.0
786,0,100.0
787,0,70.0
788,1,50.0
789,0,140.0
790,0,70.0
791,0,200.0
792,0,80.0
793,0,90.0
794,0,60.0
795,0,40.0
796,0,60.0
797,0,90.0
798,0,320.0
799,0,160.0
800,0,140.0
801,0,400.0
802,0,200.0
803,1,220.0
804,0,240.0
805,0,100.0
806,0,40.0
807,0,90.0
808,0,70.0
809,0,140.0
810,0,50.0
811,0,280.0
812,0,70.0
813,0,200.0
814,0,120.0
815,0,80.0
816,0,50.0
817,0,100.0
818,0,40.0
819,0,70.0
820,0,40.0
821,0,240.0
822,0,60.0
823,0,90.0
824,1,200.0
825,1,90.0
826,0,70.0
827,0,90.0
828,0,110.0
829,0,90.0
830,1,520.0
831,1,440.0
832,0,60.0
833,0,200.0
834,1,200.0
835,1,40.0
836,1,360.0
837,0,80.0
838,0,60.0
839,0,200.0
840,0,50.0
841,0,90.0
842,0,60.0
843,0,60.0
844,0,60.0
845,0,200.0
846,0,200.0
847,0,90.0
848,0,90.0
849,0,90.0
850,0,50.0
851,0,360.0
852,0,100.0
853,0,60.0
854,0,80.0
855,0,320.0
856,0,120.0
857,0,360.0
858,0,70.0
859,1,50.0
860,0,200.0
861,0,30.0
862,0,180.0
863,0,60.0
864,0,280.0
865,0,120.0
866,0,50.0
867,0,80.0
868,0,40.0
869,1,80.0
870,0,100.0
871,1,280.0
872,0,80.0
873,0,120.0
874,0,120.0
875,1,160.0
876,1,100.0
877,0,180.0
878,0,120.0
879,0,320.0
880,0,200.0
881,1,70.0
882,0,100.0
883,0,70.0
884,1,60.0
885,0,50.0
886,0,100.0
887,1,240.0
888,1,70.0
889,0,200.0
890,1,140.0
891,1,140.0
892,1,50.0
893,0,50.0
894,0,200.0
895,0,200.0
896,1,60.0
897,1,80.0
898,0,320.0
899,1,80.0
900,1,200.0
901,0,40.0
902,0,30.0
903,0,70.0
904,1,440.0
905,1,60.0
906,0,320.0
907,0,140.0
908,1,80.0
909,0,50.0
910,0,180.0
911,0,100.0
912,0,80.0
913,0,100.0
914,0,200.0
915,0,160.0
916,0,360.0
917,0,60.0
918,0,120.0
919,0,70.0
920,0,360.0
921,0,140.0
922,1,100.0
923,0,440.0
924,0,90.0
925,0,280.0
926,1,70.0
927,0,180.0
928,0,180.0
929,0,40.0
930,0,50.0
931,1,240.0
932,0,480.0
933,0,240.0
934,0,50.0
935,0,120.0
936,0,90.0
937,1,120.0
938,1,120.0
939,0,440.0
940,0,200.0
941,0,80.0
942,0,40.0
943,0,200.0
944,1,60.0
945,0,80.0
946,1,140.0
947,0,180.0
948,0,50.0
949,1,80.0
950,1,200.0
951,0,70.0
952,0,70.0
953,0,80.0
954,1,90.0
955,0,140.0
956,0,50.0
957,1,120.0
958,0,40.0
959,1,60.0
960,0,160.0
961,0,120.0
962,1,90.0
963,0,40.0
964,1,320.0
965,0,280.0
966,0,20.0
967,0,220.0
968,0,100.0
969,0,60.0
970,0,120.0
971,0,100.0
972,1,60.0
973,1,180.0
974,0,50.0
975,0,160.0
976,0,100.0
977,0,140.0
978,0,60.0
979,0,50.0
980,0,40.0
981,1,120.0
982,0,480.0
983,0,240.0
984,0,160.0
985,1,60.0
986,0,120.0
987,0,140.0
988,0,100.0
989,0,100.0
990,0,100.0
991,0,480.0
992,0,60.0
993,0,180.0
994,1,50.0
995,0,60.0
996,0,60.0
997,0,60.0
998,1,80.0
999,0,80.0
1000,0,400.0
1001,0,120.0
1002,0,280.0
1003,0,100.0
1004,0,60.0
1005,0,80.0
1006,1,70.0
1007,0,110.0
1008,0,100.0
1009,1,50.0
1010,0,120.0
1011,0,100.0
1012,1,100.0
1013,0,90.0
1014,0,70.0
1015,0,140.0
1016,0,70.0
1017,0,100.0
1018,0,160.0
1019,0,80.0
1020,1,70.0
1021,0,140.0
1022,0,80.0
1023,0,160.0
1024,0,80.0
1025,0,100.0
1026,0,100.0
1027,0,40.0
1028,0,200.0
1029,0,130.0
1030,1,220.0
1031,0,160.0
1032,0,140.0
1033,0,80.0
1034,0,200.0
1035,0,70.0
1036,0,140.0
1037,0,70.0
1038,0,60.0
1039,0,70.0
1040,0,40.0
1041,0,400.0
1042,0,320.0
1043,0,50.0
1044,1,220.0
1045,0,120.0
1046,1,140.0
1047,0,80.0
1048,1,60.0
1049,0,200.0
1050,1,100.0
1051,0,60.0
1052,1,60.0
1053,0,80.0
1054,0,80.0
1055,0,60.0
1056,0,80.0
1057,0,220.0
1058,0,140.0
1059,0,240.0
1060,1,200.0
1061,0,280.0
1062,0,240.0
1063,0,40.0
1064,0,100.0
1065,0,70.0
1066,0,110.0
1067,0,140.0
1068,1,100.0
1069,1,40.0
1070,0,100.0
1071,0,180.0
1072,1,70.0
1073,0,680.0
1074,0,200.0
1075,0,90.0
1076,0,70.0
1077,1,320.0
1078,0,160.0
1079,1,70.0
1080,1,50.0
1081,1,220.0
1082,0,120.0
1083,1,40.0
1084,0,40.0
1085,0,50.0
1086,1,50.0
1087,0,60.0
1088,0,160.0
1089,0,70.0
1090,0,160.0
1091,1,140.0
1092,0,160.0
1093,0,40.0
1094,0,60.0
1095,0,240.0
1096,0,140.0
1097,0,180.0
1098,1,160.0
1099,0,50.0
1100,0,40.0
1101,1,70.0
1102,1,120.0
1103,0,260.0
1104,0,100.0
1105,0,160.0
1106,0,40.0
1107,1,20.0
1108,0,120.0
1109,0,140.0
1110,0,160.0
1111,0,50.0
1112,0,220.0
1113,0,40.0
1114,0,40.0
1115,0,180.0
1116,0,240.0
1117,1,60.0
1118,0,100.0
1119,0,100.0
1120,1,120.0
1121,1,30.0
1122,0,100.0
1123,0,80.0
1124,0,60.0
1125,0,160.0
1126,0,80.0
1127,0,80.0
1128,1,140.0
1129,1,280.0
1130,0,80.0
1131,0,70.0
1132,1,80.0
1133,0,50.0
1134,0,70.0
1135,0,100.0
1136,1,160.0
1137,0,90.0
1138,1,180.0
1139,0,70.0
1140,0,360.0
1141,0,520.0
1142,0,60.0
1143,0,60.0
1144,0,100.0
1145,0,320.0
1146,0,140.0
1147,0,200.0
1148,1,70.0
1149,0,140.0
1150,1,80.0
1151,0,80.0
1152,1,60.0
1153,0,280.0
1154,0,80.0
1155,0,180.0
1156,1,120.0
1157,0,110.0
1158,0,80.0
1159,1,50.0
1160,0,70.0
1161,0,70.0
1162,0,120.0
1163,0,20.0
1164,0,90.0
1165,0,140.0
1166,1,80.0
1167,0,240.0
1168,0,100.0
1169,0,30.0
1170,0,50.0
1171,1,60.0
1172,1,40.0
1173,0,240.0
1174,0,70.0
1175,0,440.0
1176,1,50.0
1177,0,70.0
1178,0,80.0
1179,0,60.0
1180,0,220.0
1181,0,280.0
1182,0,40.0
1183,1,140.0
1184,0,120.0
1185,0,100.0
1186,0,70.0
1187,0,180.0
1188,0,70.0
1189,0,110.0
1190,0,120.0
1191,0,140.0
1192,0,60.0
1193,0,50.0
1194,0,40.0
1195,1,70.0
1196,0,160.0
1197,0,70.0
1198,1,130.0
1199,0,40.0
1200,0,60.0
1201,0,80.0
1202,0,120.0
1203,0,50.0
1204,1,90.0
1205,0,100.0
1206,0,80.0
1207,0,100.0
1208,0,220.0
1209,1,50.0
1210,0,40.0
1211,0,70.0
1212,1,60.0
1213,0,280.0
1214,0,90.0
1215,0,30.0
1216,0,50.0
1217,0,260.0
1218,0,240.0
1219,0,140.0
1220,1,240.0
1221,1,60.0
1222,0,50.0
1223,0,400.0
1224,0,60.0
1225,1,50.0
1226,0,60.0
1227,0,160.0
1228,1,20.0
1229,0,70.0
1230,1,110.0
1231,0,280.0
1232,1,320.0
1233,0,140.0
1234,0,60.0
1235,1,120.0
1236,1,320.0
1237,0,140.0
1238,0,120.0
1239,0,120.0
1240,0,70.0
1241,1,30.0
1242,0,280.0
1243,1,100.0
1244,0,100.0
1245,0,50.0
1246,1,70.0
1247,0,80.0
1248,0,120.0
1249,0,160.0
1250,1,400.0
1251,0,30.0
1252,1,90.0
1253,0,60.0
1254,0,140.0
1255,0,50.0
1256,0,90.0
1257,0,70.0
1258,0,80.0
1259,0,60.0
1260,1,80.0
1261,0,60.0
1262,1,30.0
1263,0,280.0
1264,0,100.0
1265,1,80.0
1266,0,90.0
1267,0,50.0
1268,0,90.0
1269,1,200.0
1270,0,200.0
1271,0,100.0
1272,1,80.0
1273,0,70.0
1274,0,160.0
1275,0,120.0
1276,0,60.0
1277,1,80.0
1278,0,160.0
1279,0,280.0
1280,0,320.0
1281,0,140.0
1282,0,80.0
1283,0,100.0
1284,1,100.0
1285,0,200.0
1286,0,30.0
1287,1,40.0
1288,0,80.0
1289,1,60.0
1290,0,40.0
1291,1,50.0
1292,0,80.0
1293,0,80.0
1294,1,90.0
1295,1,360.0
1296,0,120.0
1297,0,240.0
1298,0,120.0
1299,0,60.0
1300,0,140.0
1301,0,160.0
1302,0,80.0
1303,0,160.0
1304,0,60.0
1305,0,100.0
1306,1,60.0
1307,1,200.0
1308,0,50.0
1309,1,180.0
1310,0,80.0
1311,0,60.0
1312,0,120.0
1313,1,120.0
1314,0,70.0
1315,0,80.0
1316,0,200.0
1317,0,80.0
1318,0,60.0
1319,0,80.0
1320,0,80.0
1321,1,360.0
1322,0,80.0
1323,0,240.0
1324,0,80.0
1325,0,80.0
1326,0,70.0
1327,0,40.0
1328,0,280.0
1329,0,80.0
1330,1,160.0
1331,0,100.0
1332,1,40.0
1333,0,60.0
1334,0,30.0
1335,0,30.0
1336,1,160.0
1337,0,180.0
1338,0,100.0
1339,0,160.0
1340,0,120.0
1341,0,160.0
1342,1,80.0
1343,0,100.0
1344,0,40.0
1345,0,50.0
1346,0,140.0
1347,1,30.0
1348,0,220.0
1349,1,80.0
1350,0,100.0
1351,0,80.0
1352,0,100.0
1353,1,100.0
1354,0,80.0
1355,0,200.0
1356,0,240.0
1357,0,280.0
1358,1,30.0
1359,1,140.0
1360,0,40.0
1361,1,160.0
1362,0,90.0
1363,0,50.0
1364,0,200.0
1365,1,200.0
1366,0,100.0
1367,0,320.0
1368,1,90.0
1369,1,100.0
1370,0,80.0
1371,1,100.0
1372,0,140.0
1373,1,40.0
1374,0,80.0
1375,0,50.0
1376,0,90.0
1377,1,100.0
1378,0,200.0
1379,1,40.0
1380,0,140.0
1381,0,140.0
1382,0,80.0
1383,0,110.0
1384,0,120.0
1385,1,80.0
1386,0,50.0
1387,0,90.0
1388,0,50.0
1389,0,60.0
1390,0,70.0
1391,0,40.0
1392,1,200.0
1393,0,60.0
1394,0,50.0
1395,0,50.0
1396,0,100.0
1397,0,60.0
1398,0,200.0
1399,0,220.0
1400,0,120.0
1401,0,220.0
1402,0,180.0
1403,0,140.0
1404,1,200.0
1405,0,220.0
1406,0,140.0
1407,1,50.0
1408,0,360.0
1409,0,320.0
1410,1,300.0
1411,0,20.0
1412,0,60.0
1413,1,80.0
1414,1,40.0
1415,1,30.0
1416,0,160.0
1417,0,50.0
1418,1,50.0
1419,0,320.0
1420,0,100.0
1421,0,120.0
1422,0,160.0
1423,1,70.0
1424,0,60.0
1425,0,60.0
1426,0,80.0
1427,0,240.0
1428,0,70.0
1429,0,140.0
1430,0,120.0
1431,0,260.0
1432,0,110.0
1433,0,220.0
1434,0,400.0
1435,0,220.0
1436,0,140.0
1437,0,60.0
1438,0,160.0
1439,0,400.0
1440,0,70.0
1441,1,10.0
1442,0,60.0
1443,0,70.0
1444,1,120.0
1445,0,30.0
1446,1,130.0
1447,0,60.0
1448,0,60.0
1449,0,160.0
1450,0,80.0
1451,0,40.0
1452,0,90.0
1453,0,80.0
1454,0,140.0
1455,0,440.0
1456,0,70.0
1457,0,140.0
1458,0,100.0
1459,0,120.0
1460,0,400.0
1461,0,90.0
1462,1,60.0
1463,0,40.0
1464,1,240.0
1465,1,200.0
1466,0,60.0
1467,0,280.0
1468,0,90.0
1469,0,160.0
1470,0,80.0
1471,0,60.0
1472,0,90.0
1473,0,140.0
1474,0,60.0
1475,0,60.0
1476,0,40.0
1477,0,110.0
1478,0,360.0
1479,0,120.0
1480,0,70.0
1481,0,60.0
1482,0,40.0
1483,0,60.0
1484,0,120.0
1485,0,120.0
1486,1,120.0
1487,0,50.0
1488,1,180.0
1489,1,50.0
1490,0,240.0
1491,0,60.0
1492,0,30.0
1493,1,60.0
1494,0,90.0
1495,1,110.0
1496,0,80.0
1497,1,100.0
1498,0,320.0
1499,1,160.0
1500,0,200.0
1501,0,320.0
1502,0,360.0
1503,0,200.0
1504,0,160.0
1505,0,100.0
1506,0,120.0
1507,0,30.0
1508,0,90.0
1509,0,50.0
1510,0,400.0
1511,1,40.0
1512,0,30.0
1513,0,360.0
1514,1,120.0
1515,1,180.0
1516,0,80.0
1517,1,110.0
1518,0,70.0
1519,0,70.0
1520,0,80.0
1521,0,60.0
1522,0,200.0
1523,0,280.0
1524,0,140.0
1525,0,70.0
1526,0,100.0
1527,0,70.0
1528,0,140.0
1529,0,220.0
1530,1,280.0
1531,1,60.0
1532,0,60.0
1533,1,280.0
1534,1,80.0
1535,0,80.0
1536,0,90.0
1537,0,400.0
1538,0,160.0
1539,1,60.0
1540,0,70.0
1541,0,120.0
1542,0,40.0
1543,1,90.0
1544,1,80.0
1545,0,280.0
1546,0,40.0
1547,1,80.0
1548,0,520.0
1549,0,240.0
1550,0,120.0
1551,0,40.0
1552,0,120.0
1553,0,80.0
1554,0,100.0
1555,1,100.0
1556,0,200.0
1557,1,110.0
1558,0,100.0
1559,0,50.0
1560,0,180.0
1561,0,30.0
1562,1,40.0
1563,1,90.0
1564,0,200.0
1565,1,140.0
1566,1,60.0
1567,0,90.0
1568,0,100.0
1569,0,80.0
1570,0,30.0
1571,0,40.0
1572,0,140.0
1573,0,100.0
1574,1,160.0
1575,0,60.0
1576,0,50.0
1577,1,40.0
1578,0,400.0
1579,1,160.0
1580,0,30.0
1581,1,60.0
1582,1,60.0
1583,0,80.0
1584,0,140.0
1585,0,180.0
1586,0,100.0
1587,0,50.0
1588,0,120.0
1589,0,120.0
1590,1,80.0
1591,0,160.0
1592,0,40.0
1593,0,90.0
1594,1,100.0
1595,0,280.0
1596,0,90.0
1597,1,180.0
1598,1,200.0
1599,0,90.0
1600,0,120.0
1601,0,320.0
1602,0,100.0
1603,0,70.0
1604,0,40.0
1605,0,180.0
1606,1,70.0
1607,0,280.0
1608,1,50.0
1609,1,20.0
1610,0,70.0
1611,0,200.0
1612,0,60.0
1613,0,50.0
1614,0,40.0
1615,1,180.0
1616,0,80.0
1617,1,30.0
1618,0,60.0
1619,0,80.0
1620,0,140.0
1621,0,50.0
1622,1,120.0
1623,1,80.0
1624,1,50.0
1625,1,180.0
1626,1,60.0
1627,0,360.0
1628,0,100.0
1629,1,100.0
1630,0,160.0
1631,0,100.0
1632,1,60.0
1633,0,40.0
1634,1,40.0
1635,1,360.0
1636,1,120.0
1637,0,50.0
1638,0,80.0
1639,1,140.0
1640,1,50.0
1641,0,100.0
1642,0,80.0
1643,0,160.0
1644,1,60.0
1645,0,80.0
1646,0,120.0
1647,0,90.0
1648,1,140.0
1649,0,80.0
1650,0,40.0
1651,1,60.0
1652,0,80.0
1653,0,100.0
1654,0,60.0
1655,0,80.0
1656,0,280.0
1657,1,100.0
1658,1,180.0
1659,1,200.0
1660,0,120.0
1661,0,50.0
1662,0,20.0
1663,1,60.0
1664,0,70.0
1665,0,280.0
1666,0,160.0
1667,0,50.0
1668,0,200.0
1669,1,70.0
1670,0,60.0
1671,0,50.0
1672,1,90.0
1673,0,120.0
1674,0,70.0
1675,0,40.0
1676,0,100.0
1677,1,160.0
1678,0,100.0
1679,0,200.0
1680,0,100.0
1681,1,70.0
1682,0,70.0
1683,0,480.0
1684,1,50.0
1685,0,80.0
1686,0,80.0
1687,0,100.0
1688,0,140.0
1689,0,200.0
1690,0,100.0
1691,0,90.0
1692,0,160.0
1693,0,70.0
1694,0,80.0
1695,0,30.0
1696,0,30.0
1697,0,100.0
1698,0,140.0
1699,0,70.0
1700,1,110.0
1701,1,240.0
1702,0,50.0
1703,0,80.0
1704,1,140.0
1705,0,40.0
1706,0,140.0
1707,1,240.0
1708,0,100.0
1709,0,50.0
1710,1,160.0
1711,0,90.0
1712,1,80.0
1713,0,140.0
1714,0,120.0
1715,1,70.0
1716,0,50.0
1717,0,160.0
1718,0,200.0
1719,1,60.0
1720,0,100.0
1721,0,160.0
1722,0,100.0
1723,0,80.0
1724,1,140.0
1725,0,70.0
1726,0,260.0
1727,0,320.0
1728,1,400.0
1729,0,90.0
1730,0,60.0
1731,1,50.0
1732,0,90.0
1733,0,70.0
1734,0,360.0
1735,0,90.0
1736,0,80.0
1737,0,70.0
1738,0,80.0
1739,0,20.0
1740,0,320.0
1741,0,80.0
1742,0,80.0
1743,1,200.0
1744,0,200.0
1745,0,30.0
1746,0,20.0
1747,0,100.0
1748,0,120.0
1749,1,200.0
1750,0,160.0
1751,0,100.0
1752,0,80.0
1753,0,100.0
1754,0,60.0
1755,0,60.0
1756,1,70.0
1757,1,80.0
1758,1,360.0
1759,0,40.0
1760,0,280.0
1761,0,320.0
1762,0,220.0
1763,0,220.0
1764,0,120.0
1765,0,200.0
1766,1,80.0
1767,0,70.0
1768,1,110.0
1769,0,280.0
1770,1,80.0
1771,1,50.0
1772,0,180.0
1773,1,140.0
1774,1,70.0
1775,0,60.0
1776,0,80.0
1777,1,280.0
1778,0,30.0
1779,0,60.0
1780,0,180.0
1781,0,40.0
1782,0,60.0
1783,1,360.0
1784,0,60.0
1785,0,200.0
1786,1,80.0
1787,0,280.0
1788,0,140.0
1789,0,110.0
1790,0,280.0
1791,0,70.0
1792,0,60.0
1793,1,50.0
1794,1,60.0
1795,0,100.0
1796,0,120.0
1797,1,200.0
1798,0,100.0
1799,0,90.0
1800,0,90.0
1801,0,220.0
1802,1,90.0
1803,1,240.0
1804,0,140.0
1805,0,200.0
1806,0,100.0
1807,0,50.0
1808,0,80.0
1809,0,60.0
1810,1,120.0
1811,0,160.0
1812,0,80.0
1813,0,50.0
1814,0,40.0
1815,0,120.0
1816,0,280.0
1817,0,220.0
1818,0,80.0
1819,0,10.0
1820,0,50.0
1821,0,50.0
1822,0,400.0
1823,0,60.0
1824,0,100.0
1825,0,200.0
1826,1,90.0
1827,0,60.0
1828,1,220.0
1829,1,90.0
1830,1,160.0
1831,0,90.0
1832,0,120.0
1833,1,120.0
1834,0,60.0
1835,1,160.0
1836,1,320.0
1837,0,100.0
1838,0,180.0
1839,1,160.0
1840,1,40.0
1841,0,60.0
1842,1,60.0
1843,0,220.0
1844,0,70.0
1845,0,160.0
1846,0,120.0
1847,0,200.0
1848,1,160.0
1849,0,220.0
1850,0,30.0
1851,0,50.0
1852,0,80.0
1853,0,80.0
1854,0,160.0
1855,0,80.0
1856,0,100.0
1857,1,70.0
1858,1,50.0
1859,0,60.0
1860,0,70.0
1861,0,50.0
1862,0,240.0
1863,0,140.0
1864,0,80.0
1865,1,90.0
1866,0,240.0
1867,0,100.0
1868,1,50.0
1869,0,80.0
1870,1,160.0
1871,0,100.0
1872,1,160.0
1873,0,90.0
1874,0,40.0
1875,0,100.0
1876,0,90.0
1877,0,240.0
1878,0,140.0
1879,0,80.0
1880,0,100.0
1881,0,70.0
1882,0,160.0
1883,0,60.0
1884,1,80.0
1885,0,60.0
1886,1,40.0
1887,0,100.0
1888,1,60.0
1889,0,160.0
1890,0,60.0
1891,1,20.0
1892,1,360.0
1893,0,140.0
1894,0,360.0
1895,0,40.0
1896,0,60.0
1897,0,140.0
1898,0,120.0
1899,0,80.0
1900,1,200.0
1901,0,160.0
1902,0,160.0
1903,1,60.0
1904,1,70.0
1905,1,60.0
1906,1,180.0
1907,0,200.0
1908,1,70.0
1909,0,90.0
1910,0,70.0
1911,0,80.0
1912,0,60.0
1913,0,50.0
1914,0,160.0
1915,1,60.0
1916,0,40.0
1917,0,60.0
1918,0,320.0
1919,1,120.0
1920,1,60.0
1921,0,90.0
1922,1,60.0
1923,1,40.0
1924,0,60.0
1925,0,30.0
1926,0,20.0
1927,1,40.0
1928,0,100.0
1929,0,120.0
1930,0,100.0
1931,0,60.0
1932,1,50.0
1933,0,110.0
1934,0,60.0
1935,0,70.0
1936,1,60.0
1937,0,70.0
1938,0,360.0
1939,1,60.0
1940,0,280.0
1941,0,100.0
1942,0,100.0
1943,0,160.0
1944,1,70.0
1945,0,60.0
1946,0,280.0
1947,0,100.0
1948,1,100.0
1949,0,320.0
1950,0,80.0
1951,1,200.0
1952,1,360.0
1953,0,400.0
1954,1,30.0
1955,0,140.0
1956,0,200.0
1957,1,220.0
1958,1,50.0
1959,0,160.0
1960,1,120.0
1961,0,120.0
1962,0,50.0
1963,0,130.0
1964,0,90.0
1965,0,50.0
1966,0,50.0
1967,1,140.0
1968,0,80.0
1969,0,140.0
1970,0,120.0
1971,0,240.0
1972,1,80.0
1973,0,100.0
1974,1,200.0
1975,0,200.0
1976,0,50.0
1977,1,100.0
1978,0,100.0
1979,0,90.0
1980,0,90.0
1981,0,120.0
1982,1,90.0
1983,0,40.0
1984,1,40.0
1985,0,120.0
1986,1,160.0
1987,0,60.0
1988,0,280.0
1989,1,60.0
1990,1,40.0
1991,1,120.0
1992,0,70.0
1993,0,40.0
1994,0,160.0
1995,0,220.0
1996,0,180.0
1997,0,70.0
1998,0,60.0
1999,0,80.0
2000,1,120.0
2001,0,180.0
2002,0,140.0
2003,0,50.0
2004,0,120.0
2005,0,60.0
2006,0,320.0
2007,0,360.0
2008,1,50.0
2009,1,50.0
2010,1,40.0
2011,1,120.0
2012,1,60.0
2013,0,60.0
2014,1,180.0
2015,0,100.0
2016,0,50.0
2017,1,120.0
2018,1,320.0
2019,0,120.0
2020,1,160.0
2021,1,110.0
2022,0,140.0
2023,0,100.0
2024,1,100.0
2025,0,60.0
2026,1,240.0
2027,0,70.0
2028,1,140.0
2029,0,180.0
2030,0,80.0
2031,0,70.0
2032,0,100.0
2033,0,160.0
2034,0,60.0
2035,0,100.0
2036,0,120.0
2037,0,400.0
2038,0,180.0
2039,0,50.0
2040,0,220.0
2041,1,80.0
2042,0,100.0
2043,0,40.0
2044,1,140.0
2045,0,140.0
2046,1,50.0
2047,0,60.0
2048,0,60.0
2049,1,50.0
2050,0,140.0
2051,0,70.0
2052,1,30.0
2053,1,120.0
2054,0,100.0
2055,0,560.0
2056,1,100.0
2057,0,200.0
2058,0,90.0
2059,0,60.0
2060,1,120.0
2061,0,90.0
2062,0,280.0
2063,0,40.0
2064,1,60.0
2065,0,140.0
2066,0,120.0
2067,0,180.0
2068,0,110.0
2069,1,140.0
2070,0,50.0
2071,1,40.0
2072,0,40.0
2073,0,90.0
2074,0,60.0
2075,0,220.0
2076,0,400.0
2077,0,60.0
2078,0,100.0
2079,0,240.0
2080,0,160.0
2081,0,70.0
2082,0,60.0
2083,0,160.0
2084,0,110.0
2085,0,120.0
2086,0,40.0
2087,0,360.0
2088,1,180.0
2089,1,280.0
2090,0,40.0
2091,0,180.0
2092,0,30.0
2093,0,100.0
2094,0,90.0
2095,0,200.0
2096,0,40.0
2097,0,200.0
2098,1,220.0
2099,0,60.0
2100,0,70.0
2101,0,30.0
2102,1,40.0
2103,0,360.0
2104,0,120.0
2105,0,80.0
2106,0,320.0
2107,0,80.0
2108,0,140.0
2109,0,120.0
2110,0,360.0
2111,0,40.0
2112,0,80.0
2113,0,120.0
2114,1,80.0
2115,0,200.0
2116,1,140.0
2117,0,40.0
2118,0,80.0
2119,0,60.0
2120,0,80.0
2121,0,240.0
2122,0,160.0
2123,0,100.0
2124,0,80.0
2125,1,80.0
2126,0,30.0
2127,0,80.0
2128,1,240.0
2129,0,220.0
2130,1,80.0
2131,0,100.0
2132,1,100.0
2133,0,520.0
2134,0,60.0
2135,0,200.0
2136,0,120.0
2137,1,100.0
2138,0,80.0
2139,0,80.0
2140,0,200.0
2141,0,180.0
2142,0,200.0
2143,0,120.0
2144,0,40.0
2145,1,70.0
2146,1,80.0
2147,0,120.0
2148,0,200.0
2149,0,160.0
2150,0,360.0
2151,0,80.0
2152,0,110.0
2153,0,100.0
2154,1,160.0
2155,0,160.0
2156,1,40.0
2157,0,90.0
2158,0,120.0
2159,1,60.0
2160,1,60.0
2161,1,120.0
2162,0,240.0
2163,1,200.0
2164,1,220.0
2165,0,90.0
2166,0,100.0
2167,0,120.0
2168,0,60.0
2169,1,120.0
2170,1,60.0
2171,0,80.0
2172,1,80.0
2173,0,80.0
2174,1,110.0
2175,0,80.0
2176,0,100.0
2177,0,70.0
2178,0,60.0
2179,0,150.0
2180,0,100.0
2181,0,50.0
2182,0,60.0
2183,0,50.0
2184,0,50.0
2185,0,140.0
2186,1,160.0
2187,1,160.0
2188,0,200.0
2189,0,100.0
2190,0,200.0
2191,0,90.0
2192,0,50.0
2193,0,80.0
2194,1,90.0
2195,0,360.0
2196,0,100.0
2197,1,90.0
2198,0,120.0
2199,1,90.0
2200,0,200.0
2201,1,100.0
2202,1,60.0
2203,0,200.0
2204,0,100.0
2205,0,30.0
2206,0,40.0
2207,0,80.0
2208,1,80.0
2209,0,140.0
2210,0,260.0
2211,1,50.0
2212,0,100.0
2213,0,80.0
2214,0,80.0
2215,0,120.0
2216,0,260.0
2217,0,50.0
2218,1,220.0
2219,0,70.0
2220,1,60.0
2221,1,80.0
2222,0,60.0
2223,0,40.0
2224,0,400.0
2225,0,70.0
2226,0,50.0
2227,0,70.0
2228,1,60.0
2229,1,160.0
2230,1,80.0
2231,1,120.0
2232,0,80.0
2233,0,80.0
2234,0,80.0
2235,0,160.0
2236,1,60.0
2237,1,30.0
2238,0,80.0
2239,0,70.0
2240,0,200.0
2241,0,30.0
2242,1,70.0
2243,1,130.0
2244,1,40.0
2245,1,50.0
2246,1,60.0
2247,1,30.0
2248,0,80.0
2249,1,50.0
2250,0,40.0
2251,1,70.0
2252,0,240.0
2253,0,240.0
2254,0,140.0
2255,0,40.0
2256,1,60.0
2257,1,50.0
2258,0,70.0
2259,0,240.0
2260,1,50.0
2261,1,160.0
2262,0,400.0
2263,1,180.0
2264,0,120.0
2265,0,120.0
2266,0,140.0
2267,1,320.0
2268,1,80.0
2269,1,90.0
2270,1,100.0
2271,0,50.0
2272,0,50.0
2273,0,60.0
2274,1,60.0
2275,0,100.0
2276,1,360.0
2277,1,60.0
2278,0,120.0
2279,1,30.0
2280,0,120.0
2281,0,180.0
2282,0,140.0
2283,1,120.0
2284,1,260.0
2285,1,40.0
2286,0,160.0
2287,0,160.0
2288,0,70.0
2289,0,280.0
2290,0,100.0
2291,0,100.0
2292,0,200.0
2293,1,70.0
2294,0,140.0
2295,0,100.0
2296,0,280.0
2297,0,110.0
2298,1,40.0
2299,1,100.0
2300,0,180.0
2301,0,90.0
2302,0,70.0
2303,0,140.0
2304,0,40.0
2305,0,110.0
2306,0,140.0
2307,1,90.0
2308,1,70.0
2309,1,140.0
2310,0,120.0
2311,0,210.0
2312,0,80.0
2313,0,60.0
2314,1,90.0
2315,0,70.0
2316,0,60.0
2317,0,320.0
2318,1,90.0
2319,0,160.0
2320,1,60.0
2321,0,100.0
2322,0,70.0
2323,1,140.0
2324,0,220.0
2325,0,70.0
2326,0,50.0
2327,0,240.0
2328,0,200.0
2329,0,120.0
2330,0,140.0
2331,0,180.0
2332,0,140.0
2333,0,70.0
2334,1,80.0
2335,1,120.0
2336,0,80.0
2337,0,240.0
2338,1,160.0
2339,1,120.0
2340,1,70.0
2341,1,120.0
2342,0,40.0
2343,0,160.0
2344,0,280.0
2345,0,50.0
2346,0,80.0
2347,0,100.0
2348,0,70.0
2349,0,80.0
2350,1,90.0
2351,0,160.0
2352,0,50.0
2353,0,280.0
2354,0,40.0
2355,0,400.0
2356,0,100.0
2357,0,80.0
2358,0,100.0
2359,0,60.0
2360,0,160.0
2361,0,50.0
2362,0,280.0
2363,1,60.0
2364,0,50.0
2365,0,80.0
2366,1,280.0
2367,0,120.0
2368,1,280.0
2369,0,80.0
2370,0,100.0
2371,0,120.0
2372,0,140.0
2373,0,60.0
2374,0,60.0
2375,0,200.0
2376,0,40.0
2377,1,100.0
2378,0,40.0
2379,0,280.0
2380,1,40.0
2381,0,80.0
2382,1,70.0
2383,1,140.0
2384,0,30.0
2385,0,70.0
2386,1,50.0
2387,1,120.0
2388,0,140.0
2389,0,160.0
2390,1,120.0
2391,0,140.0
2392,1,90.0
2393,0,80.0
2394,0,90.0
2395,1,160.0
2396,0,70.0
2397,0,60.0
2398,0,130.0
2399,0,200.0
2400,0,20.0
2401,0,360.0
2402,1,180.0
2403,1,140.0
2404,1,80.0
2405,0,80.0
2406,1,50.0
2407,1,60.0
2408,0,60.0
2409,0,320.0
2410,1,50.0
2411,0,50.0
2412,0,50.0
2413,0,440.0
2414,0,80.0
2415,1,140.0
2416,1,20.0
2417,0,20.0
2418,0,100.0
2419,0,70.0
2420,0,120.0
2421,0,200.0
2422,0,180.0
2423,0,90.0
2424,0,100.0
2425,0,50.0
2426,0,140.0
2427,0,120.0
2428,0,140.0
2429,0,80.0
2430,1,50.0
2431,0,60.0
2432,0,70.0
2433,1,180.0
2434,0,180.0
2435,0,160.0
2436,0,200.0
2437,0,360.0
2438,0,70.0
2439,1,280.0
2440,1,100.0
2441,0,120.0
2442,0,200.0
2443,0,140.0
2444,0,220.0
2445,0,50.0
2446,1,60.0
2447,0,160.0
2448,0,180.0
2449,1,400.0
2450,0,160.0
2451,0,200.0
2452,1,70.0
2453,0,120.0
2454,1,100.0
2455,0,20.0
2456,0,60.0
2457,1,100.0
2458,1,80.0
2459,0,240.0
2460,0,220.0
2461,0,90.0
2462,0,360.0
2463,0,90.0
2464,1,20.0
2465,0,180.0
2466,1,320.0
2467,1,40.0
2468,0,70.0
2469,0,40.0
2470,0,50.0
2471,1,130.0
2472,1,100.0
2473,1,90.0
2474,0,100.0
2475,1,120.0
2476,0,60.0
2477,1,400.0
2478,0,200.0
2479,1,140.0
2480,0,120.0
2481,0,80.0
2482,0,30.0
2483,1,140.0
2484,0,70.0
2485,0,90.0
2486,0,480.0
2487,1,100.0
2488,0,240.0
2489,1,20.0
2490,0,50.0
2491,0,60.0
2492,0,80.0
2493,0,90.0
2494,1,100.0
2495,0,70.0
2496,0,50.0
2497,0,100.0
2498,0,80.0
2499,0,120.0
2500,0,140.0
2501,1,120.0
2502,0,100.0
2503,0,120.0
2504,1,60.0
2505,0,160.0
2506,0,70.0
2507,0,320.0
2508,0,180.0
2509,0,80.0
2510,0,240.0
2511,0,50.0
2512,0,320.0
2513,0,280.0
2514,0,140.0
2515,0,100.0
2516,0,140.0
2517,0,160.0
2518,0,140.0
2519,0,140.0
2520,1,220.0
2521,0,280.0
2522,0,160.0
2523,0,80.0
2524,1,60.0
2525,1,130.0
2526,0,120.0
2527,0,160.0
2528,0,90.0
2529,1,120.0
2530,0,40.0
2531,1,100.0
2532,0,440.0
2533,0,50.0
2534,1,240.0
2535,1,50.0
2536,1,50.0
2537,1,180.0
2538,1,440.0
2539,0,50.0
2540,0,180.0
2541,0,110.0
2542,0,60.0
2543,0,100.0
2544,0,110.0
2545,1,60.0
2546,0,160.0
2547,1,440.0
2548,0,60.0
2549,0,80.0
2550,1,80.0
2551,0,100.0
2552,0,90.0
2553,0,200.0
2554,0,160.0
2555,0,140.0
2556,0,160.0
2557,0,180.0
2558,0,100.0
2559,1,40.0
2560,0,140.0
2561,0,120.0
2562,0,80.0
2563,0,200.0
2564,0,30.0
2565,1,140.0
2566,0,100.0
2567,1,160.0
2568,1,140.0
2569,0,80.0
2570,0,80.0
2571,0,80.0
2572,1,520.0
2573,0,60.0
2574,0,200.0
2575,0,60.0
2576,0,50.0
2577,0,240.0
2578,1,50.0
2579,0,40.0
2580,0,100.0
2581,0,80.0
2582,0,220.0
2583,0,280.0
2584,0,60.0
2585,0,100.0
2586,1,60.0
2587,1,140.0
2588,0,30.0
2589,1,70.0
2590,0,80.0
2591,0,320.0
2592,1,320.0
2593,1,60.0
2594,0,40.0
2595,0,90.0
2596,1,80.0
2597,1,60.0
2598,1,100.0
2599,1,50.0
2600,0,240.0
2601,0,120.0
2602,0,80.0
2603,0,90.0
2604,0,120.0
2605,0,180.0
2606,0,50.0
2607,0,140.0
2608,1,100.0
2609,0,160.0
2610,0,320.0
2611,1,110.0
2612,0,70.0
2613,0,50.0
2614,1,70.0
2615,0,320.0
2616,0,40.0
2617,0,70.0
2618,0,180.0
2619,1,80.0
2620,0,50.0
2621,1,120.0
2622,1,160.0
2623,0,200.0
2624,0,60.0
2625,0,160.0
2626,0,90.0
2627,1,140.0
2628,0,100.0
2629,0,80.0
2630,0,100.0
2631,0,140.0
2632,0,80.0
2633,1,160.0
2634,0,180.0
2635,0,70.0
2636,0,60.0
2637,1,120.0
2638,0,90.0
2639,1,160.0
2640,0,90.0
2641,0,110.0
2642,0,280.0
2643,1,100.0
2644,1,40.0
2645,0,40.0
2646,0,180.0
2647,0,50.0
2648,1,40.0
2649,0,90.0
2650,0,160.0
2651,1,100.0
2652,0,280.0
2653,0,360.0
2654,0,70.0
2655,0,90.0
2656,1,80.0
2657,0,100.0
2658,0,80.0
2659,0,280.0
2660,0,60.0
2661,0,200.0
2662,1,40.0
2663,1,120.0
2664,0,80.0
2665,0,160.0
2666,0,60.0
2667,0,60.0
2668,0,140.0
2669,0,70.0
2670,0,160.0
2671,1,40.0
2672,0,110.0
2673,0,60.0
2674,0,60.0
2675,0,100.0
2676,0,200.0
2677,0,100.0
2678,0,70.0
2679,1,40.0
2680,0,160.0
2681,0,80.0
2682,0,90.0
2683,0,80.0
2684,0,50.0
2685,0,110.0
2686,0,320.0
2687,0,80.0
2688,0,400.0
2689,1,180.0
2690,1,90.0
2691,0,180.0
2692,1,90.0
2693,1,90.0
2694,1,70.0
2695,0,100.0
2696,1,100.0
2697,0,160.0
2698,1,90.0
2699,0,160.0
2700,0,280.0
2701,0,160.0
2702,0,40.0
2703,1,90.0
2704,0,260.0
2705,1,70.0
2706,0,60.0
2707,0,100.0
2708,0,100.0
2709,0,160.0
2710,0,60.0
2711,0,30.0
2712,0,120.0
2713,0,80.0
2714,0,60.0
2715,1,200.0
2716,0,140.0
2717,0,280.0
2718,0,100.0
2719,0,280.0
2720,0,120.0
2721,0,200.0
2722,0,220.0
2723,0,70.0
2724,0,80.0
2725,0,200.0
2726,0,50.0
2727,0,200.0
2728,1,90.0
2729,0,100.0
2730,0,200.0
2731,0,240.0
2732,0,200.0
2733,0,70.0
2734,1,100.0
2735,0,90.0
2736,0,440.0
2737,0,100.0
2738,0,100.0
2739,0,70.0
2740,0,120.0
2741,0,90.0
2742,0,60.0
2743,0,180.0
2744,0,160.0
2745,0,320.0
2746,0,260.0
2747,1,50.0
2748,0,120.0
2749,0,100.0
2750,1,70.0
2751,0,280.0
2752,0,60.0
2753,1,90.0
2754,0,40.0
2755,0,160.0
2756,1,90.0
2757,0,140.0
2758,0,80.0
2759,0,120.0
2760,0,140.0
2761,0,180.0
2762,0,50.0
2763,1,280.0
2764,0,80.0
2765,0,80.0
2766,0,80.0
2767,0,220.0
2768,0,40.0
2769,1,140.0
2770,0,180.0
2771,0,100.0
2772,1,80.0
2773,0,90.0
2774,1,120.0
2775,0,90.0
2776,0,50.0
2777,1,80.0
2778,1,120.0
2779,1,200.0
2780,0,80.0
2781,1,100.0
2782,1,100.0
2783,0,60.0
2784,1,100.0
2785,0,120.0
2786,0,40.0
2787,1,90.0
2788,0,80.0
2789,0,100.0
2790,0,60.0
2791,0,100.0
2792,0,110.0
2793,0,220.0
2794,1,240.0
2795,0,100.0
2796,0,100.0
2797,0,30.0
2798,1,80.0
2799,0,140.0
2800,0,140.0
2801,0,200.0
2802,0,40.0
2803,1,100.0
2804,0,80.0
2805,0,120.0
2806,0,160.0
2807,0,70.0
2808,0,100.0
2809,0,60.0
2810,0,100.0
2811,0,80.0
2812,0,80.0
2813,0,140.0
2814,1,100.0
2815,0,30.0
2816,0,220.0
2817,0,160.0
2818,0,280.0
2819,0,50.0
2820,1,140.0
2821,0,40.0
2822,0,80.0
2823,0,110.0
2824,1,180.0
2825,1,80.0
2826,0,160.0
2827,0,40.0
2828,0,180.0
2829,0,320.0
2830,0,200.0
2831,1,180.0
2832,1,200.0
2833,0,180.0
2834,0,80.0
2835,1,240.0
2836,0,120.0
2837,0,160.0
2838,1,100.0
2839,0,440.0
2840,0,40.0
2841,0,160.0
2842,1,60.0
2843,0,50.0
2844,1,60.0
2845,0,120.0
2846,1,100.0
2847,0,30.0
2848,0,30.0
2849,0,80.0
2850,1,110.0
2851,1,90.0
2852,0,120.0
2853,1,160.0
2854,0,90.0
2855,1,120.0
2856,1,90.0
2857,0,80.0
2858,0,200.0
2859,1,50.0
2860,0,70.0
2861,1,20.0
2862,1,100.0
2863,1,40.0
2864,0,100.0
2865,0,180.0
2866,0,200.0
2867,0,160.0
2868,0,100.0
2869,1,70.0
2870,0,80.0
2871,0,100.0
2872,0,180.0
2873,0,120.0
2874,0,50.0
2875,0,160.0
2876,1,140.0
2877,0,100.0
2878,1,40.0
2879,0,70.0
2880,0,100.0
2881,0,200.0
2882,1,50.0
2883,0,70.0
2884,0,110.0
2885,1,220.0
2886,1,70.0
2887,0,60.0
2888,0,90.0
2889,1,60.0
2890,0,70.0
2891,0,200.0
2892,1,180.0
2893,0,40.0
2894,0,100.0
2895,0,70.0
2896,0,60.0
2897,1,60.0
2898,0,70.0
2899,1,80.0
2900,1,200.0
2901,0,50.0
2902,0,40.0
2903,0,200.0
2904,1,60.0
2905,0,320.0
2906,0,140.0
2907,1,90.0
2908,1,160.0
2909,0,100.0
2910,0,60.0
2911,1,280.0
2912,0,50.0
2913,0,100.0
2914,1,50.0
2915,0,120.0
2916,0,70.0
2917,0,70.0
2918,0,120.0
2919,1,220.0
2920,1,100.0
2921,1,90.0
2922,1,100.0
2923,0,120.0
2924,1,440.0
2925,0,140.0
2926,1,30.0
2927,0,120.0
2928,0,40.0
2929,0,80.0
2930,0,70.0
2931,0,120.0
2932,0,120.0
2933,1,80.0
2934,0,260.0
2935,0,70.0
2936,0,120.0
2937,0,90.0
2938,0,50.0
2939,0,60.0
2940,0,80.0
2941,0,30.0
2942,0,50.0
2943,0,280.0
2944,1,100.0
2945,1,50.0
2946,1,90.0
2947,1,130.0
2948,1,60.0
2949,1,320.0
2950,0,120.0
2951,0,100.0
2952,0,140.0
2953,0,120.0
2954,0,70.0
2955,0,200.0
2956,0,400.0
2957,0,60.0
2958,0,60.0
2959,0,140.0
2960,0,80.0
2961,0,180.0
2962,0,140.0
2963,1,280.0
2964,0,200.0
2965,0,120.0
2966,0,90.0
2967,0,50.0
2968,0,30.0
2969,0,70.0
2970,0,160.0
2971,1,50.0
2972,0,80.0
2973,0,60.0
2974,0,110.0
2975,1,80.0
2976,1,80.0
2977,1,80.0
2978,0,80.0
2979,0,20.0
2980,0,40.0
2981,0,160.0
2982,0,200.0
2983,0,240.0
2984,0,90.0
2985,0,50.0
2986,0,120.0
2987,0,140.0
2988,0,60.0
2989,0,320.0
2990,0,60.0
2991,0,60.0
2992,0,120.0
2993,0,50.0
2994,1,80.0
2995,0,50.0
2996,1,120.0
2997,0,40.0
2998,0,90.0
2999,1,60.0
3000,0,140.0
