customer_id,churn_prob,cltv_pred,top_shap_feature
1,0.07,222.0,tenure_days
2,0.825,91.15,tenure_days
3,0.475,51.1,tenure_days
4,0.09,63.45,tenure_days
5,0.01,202.8,tenure_days
6,0.105,74.0,tenure_days
7,0.795,150.0,tenure_days
8,0.82,58.85,tenure_days
9,0.72,107.5,tenure_days
10,0.04,135.1,recency_days
11,0.085,72.6,tenure_days
12,0.02,128.2,tenure_days
13,0.705,281.8,total_amount
14,0.805,60.15,tenure_days
15,0.26,60.8,tenure_days
16,0.09,64.3,tenure_days
17,0.085,116.3,tenure_days
18,0.8,237.2,tenure_days
19,0.74,76.25,tenure_days
20,0.205,327.0,tenure_days
21,0.105,145.7,tenure_days
22,0.045,137.8,tenure_days
23,0.605,146.5,tenure_days
24,0.045,331.2,tenure_days
25,0.085,95.2,tenure_days
26,0.28,52.0,tenure_days
27,0.785,48.05,tenure_days
28,0.135,325.4,total_amount
29,0.775,158.7,tenure_days
30,0.065,67.7,tenure_days
31,0.145,90.0,tenure_days
32,0.17,244.0,tenure_days
33,0.775,60.15,total_amount
34,0.07,163.7,tenure_days
35,0.36,146.7,tenure_days
36,0.045,197.5,tenure_days
37,0.79,97.6,tenure_days
38,0.74,135.1,tenure_days
39,0.71,154.9,tenure_days
40,0.01,128.6,tenure_days
41,0.39,50.4,tenure_days
42,0.08,139.8,tenure_days
43,0.785,53.8,tenure_days
44,0.77,66.95,tenure_days
45,0.155,73.1,tenure_days
46,0.075,60.65,tenure_days
47,0.2,101.0,recency_days
48,0.1,74.6,total_amount
49,0.015,285.0,total_amount
50,0.07,77.75,tenure_days
51,0.16,143.1,recency_days
52,0.11,125.5,tenure_days
53,0.16,147.0,recency_days
54,0.125,73.6,tenure_days
55,0.36,163.7,tenure_days
56,0.45,192.0,total_amount
57,0.05,84.25,tenure_days
58,0.035,150.3,tenure_days
59,0.02,157.2,tenure_days
60,0.01,74.9,tenure_days
61,0.09,213.4,tenure_days
62,0.09,234.0,tenure_days
63,0.165,165.4,tenure_days
64,0.1,63.7,tenure_days
65,0.7,161.3,tenure_days
66,0.825,89.9,tenure_days
67,0.005,72.2,tenure_days
68,0.77,258.8,tenure_days
69,0.155,71.9,tenure_days
70,0.26,69.05,tenure_days
71,0.935,119.0,tenure_days
72,0.685,153.2,tenure_days
73,0.105,145.3,tenure_days
74,0.205,67.85,recency_days
75,0.125,164.3,tenure_days
76,0.23,77.7,tenure_days
77,0.18,325.2,total_amount
78,0.1,318.2,total_amount
79,0.225,180.7,tenure_days
80,0.14,65.4,tenure_days
81,0.12,60.55,tenure_days
82,0.02,83.5,recency_days
83,0.115,54.6,recency_days
84,0.03,64.5,tenure_days
85,0.16,131.6,tenure_days
86,0.015,55.15,tenure_days
87,0.425,163.4,tenure_days
88,0.05,64.7,tenure_days
89,0.015,77.5,recency_days
90,0.1,366.8,total_amount
91,0.21,137.0,tenure_days
92,0.155,68.05,tenure_days
93,0.065,145.0,tenure_days
94,0.135,111.2,tenure_days
95,0.135,131.6,tenure_days
96,0.805,91.9,tenure_days
97,0.85,140.7,tenure_days
98,0.76,136.5,tenure_days
99,0.12,182.7,tenure_days
100,0.09,79.75,tenure_days
101,0.66,140.7,tenure_days
102,0.165,85.35,tenure_days
103,0.82,59.5,tenure_days
104,0.015,162.9,tenure_days
105,0.025,74.95,total_amount
106,0.175,96.1,tenure_days
107,0.72,173.8,tenure_days
108,0.02,289.0,total_amount
109,0.8,61.65,tenure_days
110,0.005,155.1,tenure_days
111,0.02,75.85,tenure_days
112,0.7,319.2,total_amount
113,0.69,67.0,tenure_days
114,0.18,51.6,tenure_days
115,0.09,91.5,tenure_days
116,0.16,110.5,tenure_days
117,0.04,91.05,tenure_days
118,0.13,127.6,recency_days
119,0.14,51.8,tenure_days
120,0.07,138.2,total_amount
121,0.76,244.8,total_amount
122,0.115,178.4,tenure_days
123,0.7,147.3,tenure_days
124,0.195,124.8,tenure_days
125,0.62,74.65,tenure_days
126,0.155,89.25,tenure_days
127,0.68,169.5,tenure_days
128,0.04,70.9,tenure_days
129,0.765,66.65,tenure_days
130,0.195,253.4,total_amount
131,0.12,57.6,tenure_days
132,0.16,53.85,tenure_days
133,0.135,73.25,tenure_days
134,0.19,52.3,recency_days
135,0.295,265.2,tenure_days
136,0.025,133.0,tenure_days
137,0.065,238.0,total_amount
138,0.765,94.05,tenure_days
139,0.125,198.4,total_amount
140,0.065,132.1,tenure_days
141,0.19,332.2,total_amount
142,0.265,79.5,tenure_days
143,0.08,63.45,recency_days
144,0.1,93.1,tenure_days
145,0.09,69.2,tenure_days
146,0.11,151.2,tenure_days
147,0.06,68.15,tenure_days
148,0.115,61.8,tenure_days
149,0.035,51.55,tenure_days
150,0.66,68.5,tenure_days
151,0.07,76.95,tenure_days
152,0.035,85.7,tenure_days
153,0.025,73.15,tenure_days
154,0.08,127.7,tenure_days
155,0.02,167.2,tenure_days
156,0.645,114.8,tenure_days
157,0.045,169.2,recency_days
158,0.675,61.1,tenure_days
159,0.165,144.3,tenure_days
160,0.88,124.8,recency_days
161,0.725,92.25,tenure_days
162,0.785,108.7,tenure_days
163,0.4,138.6,tenure_days
164,0.045,123.4,tenure_days
165,0.12,57.4,tenure_days
166,0.415,102.4,tenure_days
167,0.21,118.8,recency_days
168,0.085,69.95,tenure_days
169,0.335,57.8,tenure_days
170,0.025,71.75,tenure_days
171,0.235,82.45,tenure_days
172,0.165,160.6,tenure_days
173,0.57,222.8,tenure_days
174,0.015,289.0,total_amount
175,0.06,73.9,tenure_days
176,0.085,103.9,recency_days
177,0.06,58.35,tenure_days
178,0.185,293.6,total_amount
179,0.835,133.2,tenure_days
180,0.085,142.0,tenure_days
181,0.035,96.9,tenure_days
182,0.765,136.1,tenure_days
183,0.42,78.45,tenure_days
184,0.18,81.5,tenure_days
185,0.22,72.75,tenure_days
186,0.795,144.8,tenure_days
187,0.15,62.95,tenure_days
188,0.66,112.6,tenure_days
189,0.115,77.75,tenure_days
190,0.085,65.35,recency_days
191,0.015,69.7,recency_days
192,0.055,311.0,total_amount
193,0.11,269.8,total_amount
194,0.355,57.8,tenure_days
195,0.23,65.6,tenure_days
196,0.705,83.8,tenure_days
197,0.735,53.4,tenure_days
198,0.045,267.0,total_amount
199,0.515,103.8,total_amount
200,0.025,140.5,recency_days
201,0.055,126.2,total_amount
202,0.34,69.4,tenure_days
203,0.73,57.85,tenure_days
204,0.04,65.8,tenure_days
205,0.17,114.2,recency_days
206,0.46,79.8,tenure_days
207,0.15,159.2,recency_days
208,0.32,61.45,tenure_days
209,0.835,143.1,recency_days
210,0.19,370.0,total_amount
211,0.105,364.2,tenure_days
212,0.765,55.45,tenure_days
213,0.725,77.5,tenure_days
214,0.28,292.0,total_amount
215,0.855,51.0,tenure_days
216,0.115,408.6,total_amount
217,0.835,69.0,tenure_days
218,0.205,86.6,tenure_days
219,0.505,89.2,tenure_days
220,0.575,78.9,tenure_days
221,0.035,192.1,tenure_days
222,0.3,165.3,tenure_days
223,0.815,143.6,tenure_days
224,0.115,154.6,recency_days
225,0.125,291.8,total_amount
226,0.175,135.2,tenure_days
227,0.075,145.0,tenure_days
228,0.21,152.6,tenure_days
229,0.48,412.6,total_amount
230,0.285,63.3,tenure_days
231,0.29,293.2,tenure_days
232,0.09,354.2,tenure_days
233,0.675,160.8,tenure_days
234,0.275,148.4,tenure_days
235,0.205,87.2,tenure_days
236,0.13,86.9,tenure_days
237,0.16,140.8,tenure_days
238,0.13,135.4,tenure_days
239,0.075,265.8,tenure_days
240,0.165,287.8,total_amount
241,0.74,285.2,total_amount
242,0.14,73.25,tenure_days
243,0.785,141.4,tenure_days
244,0.265,77.4,tenure_days
245,0.305,258.2,tenure_days
246,0.155,173.8,tenure_days
247,0.01,72.1,tenure_days
248,0.185,120.7,recency_days
249,0.135,107.5,tenure_days
250,0.14,224.5,tenure_days
251,0.095,172.4,tenure_days
252,0.025,172.4,total_amount
253,0.095,60.65,tenure_days
254,0.1,59.3,tenure_days
255,0.18,326.2,total_amount
256,0.795,283.8,total_amount
257,0.625,61.05,recency_days
258,0.18,129.2,recency_days
259,0.03,154.5,tenure_days
260,0.13,138.6,recency_days
261,0.155,124.8,tenure_days
262,0.235,73.25,tenure_days
263,0.165,64.1,tenure_days
264,0.04,126.3,tenure_days
265,0.71,146.0,tenure_days
266,0.73,126.5,tenure_days
267,0.325,71.0,tenure_days
268,0.195,93.0,tenure_days
269,0.04,124.6,tenure_days
270,0.09,138.5,tenure_days
271,0.135,161.2,tenure_days
272,0.135,52.1,tenure_days
273,0.815,74.6,tenure_days
274,0.03,77.5,tenure_days
275,0.07,96.4,tenure_days
276,0.675,112.4,tenure_days
277,0.16,81.45,tenure_days
278,0.2,49.55,tenure_days
279,0.08,166.2,total_amount
280,0.725,247.7,tenure_days
281,0.165,323.8,tenure_days
282,0.385,117.8,tenure_days
283,0.73,127.5,tenure_days
284,0.625,118.9,tenure_days
285,0.11,47.7,tenure_days
286,0.145,114.5,tenure_days
287,0.675,162.6,tenure_days
288,0.135,49.05,recency_days
289,0.115,134.6,tenure_days
290,0.09,250.6,total_amount
291,0.535,89.6,tenure_days
292,0.04,75.45,tenure_days
293,0.065,108.3,recency_days
294,0.17,319.4,tenure_days
295,0.06,74.3,tenure_days
296,0.07,60.0,tenure_days
297,0.385,66.7,tenure_days
298,0.13,66.3,tenure_days
299,0.79,81.65,tenure_days
300,0.075,65.6,tenure_days
301,0.07,93.7,tenure_days
302,0.07,325.4,tenure_days
303,0.655,49.5,tenure_days
304,0.77,112.4,tenure_days
305,0.645,67.7,tenure_days
306,0.46,89.25,recency_days
307,0.095,119.9,tenure_days
308,0.245,63.4,tenure_days
309,0.02,160.6,tenure_days
310,0.155,145.7,recency_days
311,0.67,68.2,tenure_days
312,0.845,56.7,recency_days
313,0.815,89.1,tenure_days
314,0.855,283.0,total_amount
315,0.085,120.4,total_amount
316,0.1,130.6,tenure_days
317,0.145,373.6,total_amount
318,0.035,151.8,tenure_days
319,0.84,150.8,tenure_days
320,0.78,63.8,tenure_days
321,0.81,77.7,tenure_days
322,0.86,75.4,tenure_days
323,0.71,71.45,tenure_days
324,0.625,131.7,tenure_days
325,0.195,281.6,total_amount
326,0.165,117.3,tenure_days
327,0.735,326.8,total_amount
328,0.7,73.95,tenure_days
329,0.15,48.3,tenure_days
330,0.265,190.0,total_amount
331,0.055,48.8,recency_days
332,0.16,135.4,tenure_days
333,0.09,49.3,tenure_days
334,0.085,314.0,tenure_days
335,0.085,143.7,tenure_days
336,0.115,139.5,tenure_days
337,0.45,70.15,tenure_days
338,0.375,76.35,tenure_days
339,0.735,63.95,tenure_days
340,0.135,302.2,tenure_days
341,0.225,62.4,tenure_days
342,0.43,83.9,tenure_days
343,0.075,107.1,tenure_days
344,0.065,119.0,recency_days
345,0.785,134.9,tenure_days
346,0.74,91.2,tenure_days
347,0.04,75.2,tenure_days
348,0.82,70.8,tenure_days
349,0.285,56.6,tenure_days
350,0.185,63.6,tenure_days
351,0.055,295.2,total_amount
352,0.77,150.6,tenure_days
353,0.26,154.8,tenure_days
354,0.07,354.4,total_amount
355,0.675,70.1,tenure_days
356,0.14,76.65,tenure_days
357,0.08,108.9,tenure_days
358,0.03,172.1,tenure_days
359,0.835,83.5,tenure_days
360,0.835,79.3,recency_days
361,0.08,64.6,tenure_days
362,0.035,87.0,tenure_days
363,0.2,56.75,tenure_days
364,0.46,47.95,tenure_days
365,0.745,101.3,tenure_days
366,0.655,156.4,tenure_days
367,0.265,63.8,recency_days
368,0.36,138.3,tenure_days
369,0.585,153.8,tenure_days
370,0.035,64.7,total_amount
371,0.035,89.85,tenure_days
372,0.345,163.3,tenure_days
373,0.83,72.15,tenure_days
374,0.275,83.5,tenure_days
375,0.075,72.4,tenure_days
376,0.325,250.2,total_amount
377,0.905,52.15,tenure_days
378,0.07,100.9,tenure_days
379,0.69,258.6,total_amount
380,0.15,54.25,tenure_days
381,0.825,302.8,total_amount
382,0.875,66.95,tenure_days
383,0.08,68.75,tenure_days
384,0.09,68.25,tenure_days
385,0.205,56.0,tenure_days
386,0.02,54.9,tenure_days
387,0.775,50.1,tenure_days
388,0.62,132.4,tenure_days
389,0.74,47.85,tenure_days
390,0.07,72.75,recency_days
391,0.855,71.6,tenure_days
392,0.125,121.7,total_amount
393,0.745,58.9,tenure_days
394,0.055,112.1,tenure_days
395,0.725,71.7,recency_days
396,0.08,103.3,total_amount
397,0.045,186.8,total_amount
398,0.025,58.7,tenure_days
399,0.07,78.6,tenure_days
400,0.025,117.0,total_amount
401,0.02,209.2,tenure_days
402,0.01,60.45,recency_days
403,0.855,70.65,tenure_days
404,0.025,355.4,total_amount
405,0.075,268.4,total_amount
406,0.03,179.2,tenure_days
407,0.05,127.1,tenure_days
408,0.615,71.6,tenure_days
409,0.035,75.35,tenure_days
410,0.575,64.0,tenure_days
411,0.06,62.7,tenure_days
412,0.04,140.1,tenure_days
413,0.125,63.45,tenure_days
414,0.075,47.55,tenure_days
415,0.06,305.4,tenure_days
416,0.05,59.2,tenure_days
417,0.03,145.4,tenure_days
418,0.175,168.9,tenure_days
419,0.165,219.6,total_amount
420,0.08,367.6,tenure_days
421,0.815,291.0,total_amount
422,0.005,148.3,tenure_days
423,0.65,302.2,tenure_days
424,0.115,79.15,tenure_days
425,0.145,70.6,tenure_days
426,0.285,138.1,total_amount
427,0.075,136.9,tenure_days
428,0.785,55.55,tenure_days
429,0.02,202.2,tenure_days
430,0.35,149.4,recency_days
431,0.015,195.0,total_amount
432,0.085,160.5,tenure_days
433,0.245,144.2,tenure_days
434,0.02,129.0,tenure_days
435,0.02,77.9,tenure_days
436,0.645,70.65,tenure_days
437,0.115,73.5,tenure_days
438,0.81,94.5,tenure_days
439,0.88,86.35,recency_days
440,0.095,72.0,recency_days
441,0.745,255.2,total_amount
442,0.2,175.6,recency_days
443,0.64,137.2,tenure_days
444,0.265,125.9,tenure_days
445,0.085,49.15,tenure_days
446,0.005,89.65,recency_days
447,0.14,314.8,total_amount
448,0.165,60.95,recency_days
449,0.61,57.25,recency_days
450,0.085,397.0,tenure_days
451,0.905,64.7,tenure_days
452,0.16,64.0,tenure_days
453,0.025,77.35,tenure_days
454,0.065,76.25,tenure_days
455,0.875,73.55,tenure_days
456,0.09,93.1,tenure_days
457,0.775,70.8,tenure_days
458,0.025,147.9,total_amount
459,0.08,140.8,tenure_days
460,0.275,105.5,recency_days
461,0.015,70.95,tenure_days
462,0.215,68.15,recency_days
463,0.075,140.0,tenure_days
464,0.025,152.0,recency_days
465,0.035,115.7,total_amount
466,0.165,349.8,tenure_days
467,0.04,115.3,tenure_days
468,0.345,338.2,total_amount
469,0.01,129.6,tenure_days
470,0.005,157.3,recency_days
471,0.18,153.2,tenure_days
472,0.685,279.2,tenure_days
473,0.035,171.8,recency_days
474,0.055,67.4,tenure_days
475,0.22,182.7,recency_days
476,0.07,65.75,tenure_days
477,0.055,140.7,tenure_days
478,0.105,194.2,tenure_days
479,0.765,127.4,tenure_days
480,0.435,61.5,tenure_days
481,0.79,84.9,tenure_days
482,0.11,287.0,tenure_days
483,0.76,63.5,tenure_days
484,0.175,200.8,tenure_days
485,0.07,58.85,tenure_days
486,0.15,73.1,tenure_days
487,0.07,250.6,total_amount
488,0.025,68.8,tenure_days
489,0.055,60.0,tenure_days
490,0.85,68.7,tenure_days
491,0.725,118.65,tenure_days
492,0.375,112.6,tenure_days
493,0.195,307.4,total_amount
494,0.715,77.55,tenure_days
495,0.315,257.2,total_amount
496,0.22,61.95,tenure_days
497,0.745,196.0,total_amount
498,0.03,75.95,tenure_days
499,0.02,61.7,tenure_days
500,0.755,68.35,tenure_days
501,0.08,160.5,tenure_days
502,0.085,93.65,recency_days
503,0.115,213.0,total_amount
504,0.045,113.6,total_amount
505,0.19,73.05,tenure_days
506,0.74,72.4,tenure_days
507,0.26,57.75,tenure_days
508,0.755,72.45,tenure_days
509,0.08,98.05,tenure_days
510,0.155,124.3,tenure_days
511,0.02,92.7,recency_days
512,0.055,73.3,tenure_days
513,0.045,102.4,tenure_days
514,0.015,198.7,tenure_days
515,0.01,290.6,tenure_days
516,0.14,136.3,tenure_days
517,0.185,67.65,tenure_days
518,0.255,71.0,tenure_days
519,0.215,165.8,total_amount
520,0.115,63.55,recency_days
521,0.755,126.8,tenure_days
522,0.76,64.35,total_amount
523,0.05,317.0,total_amount
524,0.215,132.6,tenure_days
525,0.71,77.8,recency_days
526,0.055,79.75,tenure_days
527,0.085,119.7,tenure_days
528,0.095,52.75,recency_days
529,0.165,77.8,tenure_days
530,0.685,62.05,tenure_days
531,0.03,115.4,total_amount
532,0.045,232.4,total_amount
533,0.49,87.65,tenure_days
534,0.1,127.6,tenure_days
535,0.005,197.6,tenure_days
536,0.085,58.4,recency_days
537,0.69,235.8,total_amount
538,0.295,149.6,tenure_days
539,0.105,47.15,tenure_days
540,0.88,51.7,tenure_days
541,0.915,95.1,tenure_days
542,0.06,114.5,recency_days
543,0.09,76.75,tenure_days
544,0.16,268.6,tenure_days
545,0.155,305.4,tenure_days
546,0.01,157.6,tenure_days
547,0.08,35.7,tenure_days
548,0.035,178.8,tenure_days
549,0.5,185.2,tenure_days
550,0.395,66.45,tenure_days
551,0.765,159.8,tenure_days
552,0.0,119.3,tenure_days
553,0.225,66.5,recency_days
554,0.12,88.2,tenure_days
555,0.135,69.7,tenure_days
556,0.265,109.8,total_amount
557,0.31,55.5,recency_days
558,0.04,58.55,recency_days
559,0.01,50.9,tenure_days
560,0.065,165.1,recency_days
561,0.795,71.1,recency_days
562,0.19,80.2,tenure_days
563,0.1,266.2,total_amount
564,0.84,164.1,recency_days
565,0.12,77.2,tenure_days
566,0.785,277.8,tenure_days
567,0.12,71.35,recency_days
568,0.345,76.25,tenure_days
569,0.06,148.7,tenure_days
570,0.11,207.5,tenure_days
571,0.19,164.8,tenure_days
572,0.125,321.6,tenure_days
573,0.185,69.0,tenure_days
574,0.07,192.1,tenure_days
575,0.42,76.8,tenure_days
576,0.27,180.0,tenure_days
577,0.67,125.5,tenure_days
578,0.075,80.05,tenure_days
579,0.14,72.55,tenure_days
580,0.085,76.2,tenure_days
581,0.11,62.9,tenure_days
582,0.04,140.0,tenure_days
583,0.095,91.25,tenure_days
584,0.11,48.35,tenure_days
585,0.715,83.35,tenure_days
586,0.745,118.5,tenure_days
587,0.195,81.4,tenure_days
588,0.125,236.8,tenure_days
589,0.015,55.0,recency_days
590,0.11,62.75,tenure_days
591,0.09,30.2,tenure_days
592,0.03,393.4,tenure_days
593,0.84,255.0,total_amount
594,0.04,64.25,tenure_days
595,0.205,207.4,tenure_days
596,0.01,118.2,tenure_days
597,0.04,78.15,tenure_days
598,0.705,266.8,total_amount
599,0.75,120.8,tenure_days
600,0.075,76.45,tenure_days
601,0.375,263.2,total_amount
602,0.11,168.2,tenure_days
603,0.13,145.0,tenure_days
604,0.075,97.05,tenure_days
605,0.125,84.5,tenure_days
606,0.025,69.85,tenure_days
607,0.005,149.0,tenure_days
608,0.725,147.8,tenure_days
609,0.14,111.4,tenure_days
610,0.745,68.65,tenure_days
611,0.09,134.9,tenure_days
612,0.095,69.8,tenure_days
613,0.03,324.4,tenure_days
614,0.135,151.1,tenure_days
615,0.01,107.5,tenure_days
616,0.31,98.2,tenure_days
617,0.01,60.0,recency_days
618,0.075,114.7,tenure_days
619,0.12,257.2,total_amount
620,0.78,142.8,recency_days
621,0.02,170.3,tenure_days
622,0.025,125.7,total_amount
623,0.755,64.05,tenure_days
624,0.285,55.95,tenure_days
625,0.1,123.0,tenure_days
626,0.065,91.3,tenure_days
627,0.73,92.95,tenure_days
628,0.06,81.7,tenure_days
629,0.75,74.25,tenure_days
630,0.325,124.7,tenure_days
631,0.685,108.3,tenure_days
632,0.135,204.8,total_amount
633,0.11,273.4,tenure_days
634,0.81,160.2,tenure_days
635,0.155,173.0,total_amount
636,0.075,249.6,total_amount
637,0.13,117.5,total_amount
638,0.145,154.6,tenure_days
639,0.005,140.3,tenure_days
640,0.705,144.3,tenure_days
641,0.695,71.35,tenure_days
642,0.05,162.0,recency_days
643,0.045,60.75,tenure_days
644,0.085,124.1,tenure_days
645,0.155,73.85,tenure_days
646,0.155,48.4,tenure_days
647,0.075,230.0,tenure_days
648,0.055,134.7,tenure_days
649,0.105,54.55,recency_days
650,0.13,85.1,tenure_days
651,0.16,63.8,recency_days
652,0.1,74.8,tenure_days
653,0.105,90.0,tenure_days
654,0.205,78.9,tenure_days
655,0.015,104.1,recency_days
656,0.04,148.4,recency_days
657,0.135,183.0,tenure_days
658,0.175,77.55,tenure_days
659,0.55,188.5,recency_days
660,0.07,75.4,recency_days
661,0.04,61.5,tenure_days
662,0.07,75.85,tenure_days
663,0.515,385.8,total_amount
664,0.135,61.8,tenure_days
665,0.79,48.25,tenure_days
666,0.185,77.85,tenure_days
667,0.205,340.4,total_amount
668,0.765,86.5,tenure_days
669,0.035,113.1,tenure_days
670,0.125,54.55,tenure_days
671,0.2,67.05,tenure_days
672,0.265,57.85,tenure_days
673,0.02,321.4,tenure_days
674,0.025,166.2,tenure_days
675,0.225,60.7,tenure_days
676,0.035,136.9,tenure_days
677,0.8,121.1,tenure_days
678,0.065,126.7,total_amount
679,0.105,133.4,tenure_days
680,0.105,135.7,tenure_days
681,0.125,57.35,tenure_days
682,0.065,57.4,recency_days
683,0.11,224.2,tenure_days
684,0.02,309.4,total_amount
685,0.175,71.5,tenure_days
686,0.76,61.95,recency_days
687,0.775,62.55,tenure_days
688,0.79,77.7,tenure_days
689,0.01,56.45,tenure_days
690,0.69,58.65,tenure_days
691,0.1,136.2,tenure_days
692,0.075,144.7,total_amount
693,0.71,69.6,tenure_days
694,0.12,328.4,total_amount
695,0.12,81.05,tenure_days
696,0.19,68.9,tenure_days
697,0.065,70.2,tenure_days
698,0.185,210.6,tenure_days
699,0.56,59.45,tenure_days
700,0.125,55.4,tenure_days
701,0.1,143.0,tenure_days
702,0.175,134.8,tenure_days
703,0.155,59.3,recency_days
704,0.74,53.6,tenure_days
705,0.83,78.2,tenure_days
706,0.78,156.6,tenure_days
707,0.235,179.1,tenure_days
708,0.725,202.6,total_amount
709,0.285,342.6,total_amount
710,0.1,76.6,tenure_days
711,0.43,60.15,tenure_days
712,0.11,126.3,tenure_days
713,0.125,290.6,total_amount
714,0.195,60.95,tenure_days
715,0.07,61.5,tenure_days
716,0.04,56.55,tenure_days
717,0.19,169.9,recency_days
718,0.04,141.9,recency_days
719,0.135,69.65,tenure_days
720,0.365,55.5,tenure_days
721,0.895,113.9,tenure_days
722,0.755,147.8,tenure_days
723,0.845,58.0,tenure_days
724,0.785,147.9,tenure_days
725,0.665,68.15,recency_days_tx
726,0.835,101.7,tenure_days
727,0.75,208.2,total_amount
728,0.175,70.95,tenure_days
729,0.32,157.2,tenure_days
730,0.07,121.9,total_amount
731,0.82,48.15,tenure_days
732,0.15,98.6,tenure_days
733,0.285,68.4,recency_days
734,0.285,62.6,tenure_days
735,0.125,152.2,tenure_days
736,0.46,132.0,tenure_days
737,0.115,267.0,tenure_days
738,0.13,241.6,tenure_days
739,0.795,61.4,tenure_days
740,0.15,125.9,tenure_days
741,0.845,69.3,tenure_days
742,0.2,119.2,tenure_days
743,0.465,148.8,tenure_days
744,0.06,69.95,tenure_days
745,0.06,142.2,recency_days
746,0.2,53.4,tenure_days
747,0.035,63.15,tenure_days
748,0.85,70.75,tenure_days
749,0.725,238.8,total_amount
750,0.095,116.0,tenure_days
751,0.02,149.0,tenure_days
752,0.095,67.9,tenure_days
753,0.085,67.7,tenure_days
754,0.745,68.8,tenure_days
755,0.02,44.35,recency_days
756,0.11,73.05,tenure_days
757,0.09,125.1,tenure_days
758,0.07,94.65,tenure_days
759,0.16,216.4,total_amount
760,0.035,76.4,tenure_days
761,0.02,143.0,total_amount
762,0.38,134.2,tenure_days
763,0.165,136.9,tenure_days
764,0.07,211.3,tenure_days
765,0.465,157.0,tenure_days
766,0.105,289.0,total_amount
767,0.03,92.9,tenure_days
768,0.155,132.2,tenure_days
769,0.05,52.65,tenure_days
770,0.665,88.1,tenure_days
771,0.67,180.0,tenure_days
772,0.02,150.0,tenure_days
773,0.38,146.9,total_amount
774,0.185,83.2,tenure_days
775,0.695,84.2,tenure_days
776,0.77,89.0,recency_days
777,0.17,133.5,tenure_days
778,0.86,292.4,tenure_days
779,0.2,76.1,tenure_days
780,0.04,105.9,tenure_days
781,0.17,76.1,tenure_days
782,0.08,126.1,tenure_days
783,0.875,60.2,tenure_days
784,0.065,60.55,tenure_days
785,0.06,94.15,tenure_days
786,0.07,172.5,tenure_days
787,0.06,67.4,tenure_days
788,0.795,79.1,tenure_days
789,0.075,151.4,total_amount
790,0.075,88.65,tenure_days
791,0.015,170.2,total_amount
792,0.025,79.2,recency_days
793,0.235,86.7,tenure_days
794,0.055,92.1,recency_days
795,0.36,82.85,recency_days
796,0.035,69.0,tenure_days
797,0.155,85.85,recency_days
798,0.1,314.6,total_amount
799,0.05,143.6,tenure_days
800,0.015,140.9,recency_days
801,0.045,357.2,tenure_days
802,0.34,207.2,total_amount
803,0.68,188.2,tenure_days
804,0.11,254.0,total_amount
805,0.05,123.3,recency_days
806,0.04,65.3,recency_days
807,0.115,75.2,tenure_days
808,0.12,74.45,tenure_days
809,0.19,129.0,tenure_days
810,0.07,72.55,tenure_days
811,0.14,234.2,total_amount
812,0.155,72.65,tenure_days
813,0.015,261.4,total_amount
814,0.26,125.4,tenure_days
815,0.145,73.35,total_amount
816,0.12,54.8,tenure_days
817,0.03,88.45,tenure_days
818,0.12,58.55,tenure_days
819,0.115,69.55,tenure_days
820,0.12,78.95,tenure_days
821,0.005,262.6,tenure_days
822,0.13,62.75,tenure_days
823,0.16,81.9,tenure_days
824,0.695,180.9,tenure_days
825,0.85,83.95,tenure_days
826,0.035,73.35,tenure_days
827,0.09,84.8,tenure_days
828,0.08,91.05,tenure_days
829,0.035,75.2,tenure_days
830,0.825,423.2,total_amount
831,0.055,394.2,total_amount
832,0.22,73.5,tenure_days
833,0.025,236.6,tenure_days
834,0.71,172.8,tenure_days
835,0.13,50.2,tenure_days
836,0.765,325.6,total_amount
837,0.105,76.65,tenure_days
838,0.01,65.05,tenure_days
839,0.095,165.1,tenure_days
840,0.025,62.35,tenure_days
841,0.39,79.4,tenure_days
842,0.105,64.95,tenure_days
843,0.08,56.6,tenure_days
844,0.17,66.9,tenure_days
845,0.045,278.8,total_amount
846,0.055,122.3,tenure_days
847,0.385,79.4,tenure_days
848,0.2,66.65,recency_days
849,0.48,82.4,tenure_days
850,0.01,54.75,tenure_days
851,0.035,331.6,tenure_days
852,0.01,90.25,tenure_days
853,0.15,62.5,tenure_days
854,0.125,75.45,tenure_days
855,0.065,305.8,tenure_days
856,0.11,134.1,tenure_days
857,0.05,318.6,total_amount
858,0.145,82.9,tenure_days
859,0.805,60.5,tenure_days
860,0.08,125.2,tenure_days
861,0.145,43.9,tenure_days
862,0.065,164.9,tenure_days
863,0.01,151.2,tenure_days
864,0.07,280.0,total_amount
865,0.43,149.8,total_amount
866,0.06,59.35,tenure_days
867,0.19,159.2,total_amount
868,0.06,57.7,tenure_days
869,0.425,75.55,tenure_days
870,0.175,118.3,tenure_days
871,0.635,291.4,tenure_days
872,0.21,75.5,tenure_days
873,0.18,98.65,tenure_days
874,0.14,102.4,tenure_days
875,0.235,140.3,tenure_days
876,0.815,86.95,recency_days
877,0.045,159.9,tenure_days
878,0.13,124.9,tenure_days
879,0.28,300.4,tenure_days
880,0.005,261.2,total_amount
881,0.695,73.35,tenure_days
882,0.25,123.1,tenure_days
883,0.035,77.4,tenure_days
884,0.825,63.45,tenure_days
885,0.11,54.0,tenure_days
886,0.03,83.35,tenure_days
887,0.4,265.6,total_amount
888,0.665,72.0,tenure_days
889,0.37,235.0,tenure_days
890,0.73,147.4,total_amount
891,0.725,140.4,recency_days
892,0.715,57.15,tenure_days
893,0.35,58.05,tenure_days
894,0.12,245.6,tenure_days
895,0.01,180.2,tenure_days
896,0.61,67.3,tenure_days
897,0.125,78.85,tenure_days
898,0.075,284.6,total_amount
899,0.72,76.5,tenure_days
900,0.775,168.4,tenure_days
901,0.185,151.5,tenure_days
902,0.135,47.4,tenure_days
903,0.07,70.55,tenure_days
904,0.715,259.6,total_amount
905,0.715,99.5,tenure_days
906,0.18,273.6,total_amount
907,0.33,138.5,tenure_days
908,0.495,68.9,tenure_days
909,0.065,57.0,recency_days
910,0.06,166.2,tenure_days
911,0.055,87.15,tenure_days
912,0.09,62.3,tenure_days
913,0.34,82.95,tenure_days
914,0.105,173.8,tenure_days
915,0.275,149.7,tenure_days
916,0.26,319.2,total_amount
917,0.07,62.65,tenure_days
918,0.295,121.6,tenure_days
919,0.435,68.4,recency_days
920,0.06,341.2,tenure_days
921,0.06,129.6,tenure_days
922,0.85,88.2,tenure_days
923,0.11,359.0,tenure_days
924,0.07,81.35,tenure_days
925,0.105,263.0,total_amount
926,0.725,73.65,tenure_days
927,0.15,129.0,tenure_days
928,0.03,142.5,total_amount
929,0.185,48.1,recency_days
930,0.19,92.65,tenure_days
931,0.235,293.2,total_amount
932,0.055,397.2,total_amount
933,0.03,267.8,tenure_days
934,0.02,57.3,tenure_days
935,0.21,126.3,total_amount
936,0.18,82.0,recency_days
937,0.32,105.4,tenure_days
938,0.515,127.0,tenure_days
939,0.045,378.2,total_amount
940,0.04,178.0,tenure_days
941,0.04,91.7,tenure_days
942,0.06,51.5,total_amount
943,0.045,145.1,tenure_days
944,0.745,66.45,tenure_days
945,0.085,75.2,tenure_days
946,0.425,115.1,tenure_days
947,0.05,170.8,tenure_days
948,0.285,60.15,tenure_days
949,0.735,79.1,tenure_days
950,0.7,272.8,total_amount
951,0.155,70.95,tenure_days
952,0.235,69.0,tenure_days
953,0.19,137.9,tenure_days
954,0.79,81.1,tenure_days
955,0.14,134.9,total_amount
956,0.27,57.15,tenure_days
957,0.71,127.0,tenure_days
958,0.405,47.95,recency_days
959,0.72,53.95,total_amount
960,0.08,164.2,tenure_days
961,0.2,128.2,tenure_days
962,0.745,75.65,recency_days
963,0.47,49.1,tenure_days
964,0.83,288.8,tenure_days
965,0.035,124.8,recency_days
966,0.07,67.95,tenure_days
967,0.07,182.2,recency_days
968,0.055,93.55,tenure_days
969,0.165,70.95,tenure_days
970,0.115,78.25,tenure_days
971,0.035,88.8,recency_days
972,0.885,62.05,tenure_days
973,0.715,153.9,tenure_days
974,0.29,55.35,recency_days
975,0.04,151.4,tenure_days
976,0.05,90.3,tenure_days
977,0.085,140.1,tenure_days
978,0.21,64.55,tenure_days
979,0.2,70.0,tenure_days
980,0.135,75.3,tenure_days
981,0.76,130.1,tenure_days
982,0.125,382.2,tenure_days
983,0.07,248.4,total_amount
984,0.145,156.3,tenure_days
985,0.415,66.05,recency_days
986,0.035,143.5,tenure_days
987,0.35,131.8,tenure_days
988,0.055,104.9,total_amount
989,0.25,116.4,tenure_days
990,0.07,90.3,tenure_days
991,0.07,279.8,total_amount
992,0.075,60.9,tenure_days
993,0.045,166.4,tenure_days
994,0.77,61.05,tenure_days
995,0.01,60.85,recency_days
996,0.24,61.95,tenure_days
997,0.07,67.65,tenure_days
998,0.28,80.55,tenure_days
999,0.105,75.85,tenure_days
1000,0.035,354.0,tenure_days
1001,0.02,126.3,recency_days
1002,0.1,258.0,tenure_days
1003,0.085,113.2,tenure_days
1004,0.095,65.75,tenure_days
1005,0.04,79.55,recency_days
1006,0.7,50.8,tenure_days
1007,0.525,88.05,tenure_days
1008,0.245,90.45,tenure_days
1009,0.735,65.8,recency_days
1010,0.11,126.9,tenure_days
1011,0.45,129.4,tenure_days
1012,0.79,125.6,tenure_days
1013,0.025,83.0,tenure_days
1014,0.05,71.75,tenure_days
1015,0.155,136.7,total_amount
1016,0.04,68.4,recency_days
1017,0.095,109.7,tenure_days
1018,0.015,221.8,total_amount
1019,0.08,159.6,tenure_days
1020,0.83,67.6,tenure_days
1021,0.055,149.6,tenure_days
1022,0.08,72.85,recency_days
1023,0.045,200.4,total_amount
1024,0.49,77.15,tenure_days
1025,0.07,118.2,tenure_days
1026,0.075,163.7,tenure_days
1027,0.12,51.05,tenure_days
1028,0.0,149.7,recency_days
1029,0.07,110.25,recency_days
1030,0.76,102.8,tenure_days
1031,0.015,151.2,tenure_days
1032,0.135,136.8,tenure_days
1033,0.08,95.2,tenure_days
1034,0.185,235.2,total_amount
1035,0.16,57.2,recency_days
1036,0.035,147.5,recency_days
1037,0.165,87.2,tenure_days
1038,0.045,61.4,recency_days
1039,0.115,69.55,tenure_days
1040,0.005,53.3,tenure_days
1041,0.04,384.6,tenure_days
1042,0.125,302.2,total_amount
1043,0.195,58.3,tenure_days
1044,0.855,187.7,tenure_days
1045,0.035,145.8,tenure_days
1046,0.305,142.3,tenure_days
1047,0.05,103.1,total_amount
1048,0.385,71.35,tenure_days
1049,0.08,239.4,total_amount
1050,0.08,109.6,total_amount
1051,0.0,63.6,tenure_days
1052,0.425,61.4,tenure_days
1053,0.23,78.95,tenure_days
1054,0.03,95.1,tenure_days
1055,0.15,58.8,tenure_days
1056,0.295,61.3,tenure_days
1057,0.07,192.5,tenure_days
1058,0.13,138.2,total_amount
1059,0.07,271.4,total_amount
1060,0.75,186.2,tenure_days
1061,0.19,295.4,total_amount
1062,0.055,209.1,tenure_days
1063,0.09,53.25,tenure_days
1064,0.245,127.9,tenure_days
1065,0.17,65.25,recency_days
1066,0.23,100.8,tenure_days
1067,0.075,131.5,tenure_days
1068,0.72,116.7,tenure_days
1069,0.73,66.2,tenure_days
1070,0.07,90.2,tenure_days
1071,0.165,159.1,tenure_days
1072,0.095,71.55,tenure_days
1073,0.245,562.4,total_amount
1074,0.07,163.8,total_amount
1075,0.07,77.8,tenure_days
1076,0.11,88.15,tenure_days
1077,0.725,296.0,tenure_days
1078,0.2,154.6,tenure_days
1079,0.695,61.7,recency_days
1080,0.795,61.65,tenure_days
1081,0.865,142.2,recency_days
1082,0.105,104.3,tenure_days
1083,0.755,52.0,tenure_days
1084,0.095,89.8,tenure_days
1085,0.04,83.45,tenure_days
1086,0.71,60.25,tenure_days
1087,0.115,64.3,tenure_days
1088,0.015,146.4,recency_days
1089,0.13,72.0,tenure_days
1090,0.095,285.2,total_amount
1091,0.68,140.9,tenure_days
1092,0.205,136.6,tenure_days
1093,0.105,78.4,tenure_days
1094,0.125,71.2,tenure_days
1095,0.08,253.6,total_amount
1096,0.11,134.8,tenure_days
1097,0.05,158.1,tenure_days
1098,0.765,228.0,total_amount
1099,0.185,54.95,recency_days
1100,0.0,50.35,tenure_days
1101,0.34,63.4,tenure_days
1102,0.345,129.1,tenure_days
1103,0.09,115.0,total_amount
1104,0.185,123.2,recency_days
1105,0.24,154.3,tenure_days
1106,0.05,64.9,tenure_days
1107,0.78,96.15,tenure_days
1108,0.145,126.1,tenure_days
1109,0.66,130.9,tenure_days
1110,0.175,217.4,total_amount
1111,0.055,58.75,tenure_days
1112,0.06,181.9,tenure_days
1113,0.155,56.3,tenure_days
1114,0.185,53.55,tenure_days
1115,0.155,176.1,tenure_days
1116,0.155,234.6,total_amount
1117,0.675,68.75,tenure_days
1118,0.135,148.9,tenure_days
1119,0.185,112.1,recency_days
1120,0.73,126.2,tenure_days
1121,0.695,46.05,tenure_days
1122,0.285,91.15,tenure_days
1123,0.305,78.4,tenure_days
1124,0.005,71.15,recency_days
1125,0.04,152.3,total_amount
1126,0.12,77.3,tenure_days
1127,0.19,69.25,tenure_days
1128,0.71,137.7,recency_days
1129,0.74,269.2,total_amount
1130,0.185,113.2,tenure_days
1131,0.18,68.4,recency_days
1132,0.775,103.6,recency_days
1133,0.17,57.65,tenure_days
1134,0.055,69.65,tenure_days
1135,0.13,129.2,tenure_days
1136,0.53,155.8,tenure_days
1137,0.06,85.6,tenure_days
1138,0.71,164.5,recency_days
1139,0.105,68.8,tenure_days
1140,0.215,323.2,total_amount
1141,0.005,445.2,tenure_days
1142,0.12,62.9,tenure_days
1143,0.365,62.6,tenure_days
1144,0.055,114.0,tenure_days
1145,0.125,265.2,tenure_days
1146,0.345,134.9,tenure_days
1147,0.2,232.6,total_amount
1148,0.78,66.75,tenure_days
1149,0.145,141.7,tenure_days
1150,0.765,73.55,tenure_days
1151,0.135,75.25,recency_days
1152,0.61,60.65,tenure_days
1153,0.155,292.2,tenure_days
1154,0.165,72.7,tenure_days
1155,0.12,173.1,tenure_days
1156,0.235,123.5,tenure_days
1157,0.02,93.8,tenure_days
1158,0.03,74.75,tenure_days
1159,0.85,61.0,tenure_days
1160,0.03,72.05,tenure_days
1161,0.05,64.8,tenure_days
1162,0.085,110.8,total_amount
1163,0.165,35.9,tenure_days
1164,0.09,84.6,tenure_days
1165,0.125,136.3,tenure_days
1166,0.66,76.4,tenure_days
1167,0.185,251.0,total_amount
1168,0.08,87.9,tenure_days
1169,0.015,44.7,recency_days
1170,0.055,54.8,recency_days
1171,0.735,62.5,recency_days
1172,0.43,49.85,tenure_days
1173,0.02,228.2,total_amount
1174,0.205,56.25,tenure_days
1175,0.12,306.8,total_amount
1176,0.395,58.9,tenure_days
1177,0.04,71.9,tenure_days
1178,0.055,74.1,tenure_days
1179,0.2,67.1,tenure_days
1180,0.1,196.4,tenure_days
1181,0.07,266.6,tenure_days
1182,0.255,89.1,tenure_days
1183,0.725,134.3,tenure_days
1184,0.015,130.2,tenure_days
1185,0.035,88.8,tenure_days
1186,0.18,68.0,recency_days
1187,0.04,163.7,tenure_days
1188,0.225,73.45,tenure_days
1189,0.16,94.95,tenure_days
1190,0.085,116.9,tenure_days
1191,0.075,152.1,tenure_days
1192,0.095,64.5,tenure_days
1193,0.305,77.3,tenure_days
1194,0.535,52.85,tenure_days
1195,0.575,71.7,tenure_days
1196,0.075,177.4,tenure_days
1197,0.125,76.8,tenure_days
1198,0.73,112.2,tenure_days
1199,0.19,70.4,tenure_days
1200,0.065,88.6,recency_days
1201,0.06,62.15,tenure_days
1202,0.155,104.05,tenure_days
1203,0.175,57.55,tenure_days
1204,0.805,91.65,tenure_days
1205,0.175,90.6,tenure_days
1206,0.265,73.4,tenure_days
1207,0.16,79.0,tenure_days
1208,0.11,147.1,tenure_days
1209,0.85,56.5,tenure_days
1210,0.055,49.8,tenure_days
1211,0.19,88.2,tenure_days
1212,0.865,64.3,tenure_days
1213,0.085,222.4,total_amount
1214,0.09,79.35,tenure_days
1215,0.035,44.15,tenure_days
1216,0.05,60.2,recency_days
1217,0.065,142.5,tenure_days
1218,0.095,255.2,total_amount
1219,0.13,113.65,tenure_days
1220,0.61,260.4,total_amount
1221,0.66,62.15,tenure_days
1222,0.08,76.85,tenure_days
1223,0.11,249.4,tenure_days
1224,0.075,63.25,tenure_days
1225,0.795,63.8,tenure_days
1226,0.12,64.6,tenure_days
1227,0.055,290.8,total_amount
1228,0.74,38.65,tenure_days
1229,0.12,77.9,tenure_days
1230,0.695,66.45,tenure_days
1231,0.07,227.4,total_amount
1232,0.675,290.6,total_amount
1233,0.115,142.1,tenure_days
1234,0.105,59.9,tenure_days
1235,0.86,125.6,tenure_days
1236,0.75,305.0,total_amount
1237,0.06,136.1,tenure_days
1238,0.065,134.8,tenure_days
1239,0.07,105.4,tenure_days
1240,0.03,70.25,tenure_days
1241,0.685,41.65,recency_days
1242,0.075,239.6,total_amount
1243,0.69,86.85,tenure_days
1244,0.145,87.15,tenure_days
1245,0.195,58.9,recency_days
1246,0.675,67.9,tenure_days
1247,0.075,75.6,tenure_days
1248,0.065,121.6,tenure_days
1249,0.095,156.8,tenure_days
1250,0.71,366.4,total_amount
1251,0.2,44.7,recency_days
1252,0.75,82.15,tenure_days
1253,0.245,58.0,tenure_days
1254,0.23,163.3,tenure_days
1255,0.025,53.25,tenure_days
1256,0.125,73.2,tenure_days
1257,0.16,70.9,recency_days
1258,0.11,75.55,tenure_days
1259,0.105,69.05,tenure_days
1260,0.015,135.8,total_amount
1261,0.05,64.25,tenure_days
1262,0.515,73.95,tenure_days
1263,0.52,271.0,tenure_days
1264,0.13,105.8,total_amount
1265,0.795,71.0,tenure_days
1266,0.31,81.95,tenure_days
1267,0.13,58.9,tenure_days
1268,0.055,86.4,tenure_days
1269,0.66,134.5,tenure_days
1270,0.12,142.4,tenure_days
1271,0.06,74.0,tenure_days
1272,0.88,77.05,tenure_days
1273,0.065,65.0,recency_days
1274,0.08,144.9,tenure_days
1275,0.145,133.1,tenure_days
1276,0.02,68.25,tenure_days
1277,0.86,77.6,recency_days
1278,0.225,155.8,tenure_days
1279,0.175,274.0,total_amount
1280,0.1,299.0,total_amount
1281,0.11,135.3,tenure_days
1282,0.18,68.85,recency_days
1283,0.185,102.9,tenure_days
1284,0.795,86.15,recency_days
1285,0.12,227.8,total_amount
1286,0.18,49.55,tenure_days
1287,0.255,68.35,tenure_days
1288,0.02,108.6,tenure_days
1289,0.795,65.6,tenure_days
1290,0.09,66.1,recency_days
1291,0.925,56.5,tenure_days
1292,0.085,100.5,tenure_days
1293,0.03,73.7,tenure_days
1294,0.805,79.95,tenure_days
1295,0.705,322.0,tenure_days
1296,0.035,132.6,tenure_days
1297,0.135,205.5,tenure_days
1298,0.14,120.4,tenure_days
1299,0.09,63.9,tenure_days
1300,0.025,144.8,tenure_days
1301,0.01,198.8,total_amount
1302,0.095,100.5,total_amount
1303,0.165,145.8,tenure_days
1304,0.13,59.65,tenure_days
1305,0.055,118.3,tenure_days
1306,0.125,62.95,tenure_days
1307,0.2,167.3,tenure_days
1308,0.07,78.8,tenure_days
1309,0.71,163.8,tenure_days
1310,0.39,76.5,tenure_days
1311,0.19,67.95,tenure_days
1312,0.395,124.0,tenure_days
1313,0.785,122.3,tenure_days
1314,0.295,72.7,tenure_days
1315,0.18,97.8,tenure_days
1316,0.135,173.0,tenure_days
1317,0.375,74.75,recency_days
1318,0.085,94.5,tenure_days
1319,0.09,102.4,tenure_days
1320,0.105,74.65,recency_days
1321,0.73,326.4,tenure_days
1322,0.015,131.2,recency_days
1323,0.185,114.8,tenure_days
1324,0.03,72.95,tenure_days
1325,0.035,76.1,tenure_days
1326,0.09,70.5,tenure_days
1327,0.09,51.65,tenure_days
1328,0.095,268.4,total_amount
1329,0.51,75.2,tenure_days
1330,0.78,188.2,total_amount
1331,0.295,116.8,tenure_days
1332,0.825,54.9,tenure_days
1333,0.09,62.05,tenure_days
1334,0.035,46.4,tenure_days
1335,0.055,43.6,tenure_days
1336,0.84,179.8,tenure_days
1337,0.13,133.5,tenure_days
1338,0.01,102.9,recency_days
1339,0.085,203.2,tenure_days
1340,0.125,126.4,tenure_days
1341,0.21,152.1,tenure_days
1342,0.185,77.35,tenure_days
1343,0.14,111.6,recency_days
1344,0.155,68.1,tenure_days
1345,0.005,77.8,recency_days
1346,0.02,157.4,tenure_days
1347,0.235,42.75,recency_days
1348,0.085,187.6,tenure_days
1349,0.66,75.05,tenure_days
1350,0.065,96.7,tenure_days
1351,0.065,77.45,tenure_days
1352,0.13,68.6,total_amount
1353,0.42,87.95,tenure_days
1354,0.26,74.9,tenure_days
1355,0.095,178.2,tenure_days
1356,0.18,255.2,tenure_days
1357,0.5,265.8,total_amount
1358,0.835,45.55,total_amount
1359,0.78,147.9,tenure_days
1360,0.035,83.55,tenure_days
1361,0.72,297.4,tenure_days
1362,0.115,69.9,tenure_days
1363,0.46,70.2,tenure_days
1364,0.32,183.5,recency_days
1365,0.735,265.6,total_amount
1366,0.11,88.1,tenure_days
1367,0.015,274.0,tenure_days
1368,0.66,82.3,tenure_days
1369,0.805,119.8,tenure_days
1370,0.2,78.5,tenure_days
1371,0.65,73.05,tenure_days
1372,0.18,146.7,tenure_days
1373,0.81,80.3,recency_days
1374,0.09,77.75,tenure_days
1375,0.095,69.75,tenure_days
1376,0.065,82.95,tenure_days
1377,0.715,122.9,recency_days
1378,0.035,133.8,total_amount
1379,0.09,54.2,tenure_days
1380,0.045,135.5,tenure_days
1381,0.13,138.5,total_amount
1382,0.015,79.7,tenure_days
1383,0.42,94.45,tenure_days
1384,0.025,139.2,recency_days
1385,0.75,75.9,tenure_days
1386,0.215,76.65,tenure_days
1387,0.38,81.85,tenure_days
1388,0.255,58.85,recency_days
1389,0.06,62.2,tenure_days
1390,0.405,66.1,tenure_days
1391,0.37,55.5,tenure_days
1392,0.35,122.6,tenure_days
1393,0.175,166.5,tenure_days
1394,0.045,63.3,tenure_days
1395,0.19,58.75,recency_days
1396,0.32,93.25,tenure_days
1397,0.36,63.1,tenure_days
1398,0.18,172.4,tenure_days
1399,0.015,145.6,tenure_days
1400,0.145,109.8,tenure_days
1401,0.155,184.7,tenure_days
1402,0.16,157.3,tenure_days
1403,0.15,138.1,tenure_days
1404,0.795,183.3,recency_days
1405,0.06,188.6,tenure_days
1406,0.04,137.8,tenure_days
1407,0.135,55.8,recency_days
1408,0.095,270.2,total_amount
1409,0.01,298.4,total_amount
1410,0.765,237.7,tenure_days
1411,0.015,138.4,tenure_days
1412,0.015,69.1,recency_days
1413,0.695,55.2,tenure_days
1414,0.3,75.75,tenure_days
1415,0.755,43.8,recency_days
1416,0.03,197.8,total_amount
1417,0.205,65.95,tenure_days
1418,0.815,56.0,recency_days
1419,0.07,308.0,total_amount
1420,0.06,88.85,tenure_days
1421,0.075,127.1,tenure_days
1422,0.23,127.1,tenure_days
1423,0.655,67.5,tenure_days
1424,0.195,64.85,tenure_days
1425,0.125,68.1,tenure_days
1426,0.055,105.4,tenure_days
1427,0.035,279.2,tenure_days
1428,0.09,73.75,tenure_days
1429,0.145,139.5,tenure_days
1430,0.17,148.0,tenure_days
1431,0.1,220.3,tenure_days
1432,0.015,90.0,tenure_days
1433,0.09,197.5,tenure_days
1434,0.04,388.4,tenure_days
1435,0.175,174.3,tenure_days
1436,0.31,145.3,tenure_days
1437,0.12,64.95,tenure_days
1438,0.02,166.5,tenure_days
1439,0.025,348.6,total_amount
1440,0.155,69.25,tenure_days
1441,0.12,30.35,tenure_days
1442,0.235,61.95,recency_days
1443,0.235,64.45,tenure_days
1444,0.67,121.5,tenure_days
1445,0.085,44.95,tenure_days
1446,0.735,104.15,recency_days
1447,0.185,92.2,tenure_days
1448,0.36,61.45,tenure_days
1449,0.01,353.2,tenure_days
1450,0.1,80.25,tenure_days
1451,0.05,50.0,tenure_days
1452,0.085,67.4,tenure_days
1453,0.065,103.6,tenure_days
1454,0.125,145.6,tenure_days
1455,0.165,369.6,total_amount
1456,0.055,64.5,tenure_days
1457,0.265,138.2,tenure_days
1458,0.31,87.45,tenure_days
1459,0.07,124.6,total_amount
1460,0.23,329.2,total_amount
1461,0.03,84.1,tenure_days
1462,0.765,61.4,tenure_days
1463,0.135,51.4,tenure_days
1464,0.705,259.4,total_amount
1465,0.755,212.0,total_amount
1466,0.02,95.4,tenure_days
1467,0.23,270.6,tenure_days
1468,0.045,77.6,tenure_days
1469,0.1,149.6,tenure_days
1470,0.245,100.0,tenure_days
1471,0.08,65.25,recency_days
1472,0.345,85.4,tenure_days
1473,0.26,141.4,tenure_days
1474,0.105,63.2,tenure_days
1475,0.035,58.65,tenure_days
1476,0.245,63.1,tenure_days
1477,0.05,93.05,tenure_days
1478,0.09,322.2,tenure_days
1479,0.155,134.8,tenure_days
1480,0.17,63.0,tenure_days
1481,0.165,68.35,tenure_days
1482,0.015,60.05,tenure_days
1483,0.14,60.0,tenure_days
1484,0.185,123.3,tenure_days
1485,0.065,169.6,tenure_days
1486,0.81,118.3,tenure_days
1487,0.385,55.45,tenure_days
1488,0.735,172.9,tenure_days
1489,0.795,66.4,tenure_days
1490,0.215,200.6,recency_days
1491,0.045,65.7,tenure_days
1492,0.105,57.5,tenure_days
1493,0.81,65.85,tenure_days
1494,0.085,87.1,tenure_days
1495,0.705,94.7,tenure_days
1496,0.005,102.2,recency_days
1497,0.655,86.3,recency_days
1498,0.055,304.2,total_amount
1499,0.695,141.1,tenure_days
1500,0.065,192.0,tenure_days
1501,0.025,312.0,tenure_days
1502,0.05,317.0,total_amount
1503,0.085,133.3,tenure_days
1504,0.06,164.1,tenure_days
1505,0.045,89.4,tenure_days
1506,0.045,125.5,tenure_days
1507,0.125,88.6,tenure_days
1508,0.1,86.05,tenure_days
1509,0.085,61.75,tenure_days
1510,0.185,263.6,total_amount
1511,0.835,46.75,tenure_days
1512,0.115,39.25,tenure_days
1513,0.14,277.2,total_amount
1514,0.175,132.8,recency_days
1515,0.27,163.1,recency_days
1516,0.32,71.35,tenure_days
1517,0.83,97.1,recency_days
1518,0.165,68.65,total_amount
1519,0.165,69.95,tenure_days
1520,0.07,101.9,total_amount
1521,0.615,64.6,tenure_days
1522,0.145,220.2,total_amount
1523,0.175,289.8,total_amount
1524,0.29,148.5,tenure_days
1525,0.045,71.85,tenure_days
1526,0.15,146.7,tenure_days
1527,0.15,66.15,tenure_days
1528,0.72,134.4,tenure_days
1529,0.315,192.0,total_amount
1530,0.65,276.8,tenure_days
1531,0.775,62.45,tenure_days
1532,0.015,64.8,tenure_days
1533,0.625,267.6,tenure_days
1534,0.335,58.7,tenure_days
1535,0.035,76.85,recency_days
1536,0.195,87.1,tenure_days
1537,0.13,255.4,total_amount
1538,0.055,147.5,tenure_days
1539,0.51,86.8,tenure_days
1540,0.175,73.0,tenure_days
1541,0.135,124.4,tenure_days
1542,0.37,47.15,recency_days
1543,0.365,80.4,recency_days
1544,0.725,79.4,tenure_days
1545,0.2,270.4,total_amount
1546,0.15,84.3,recency_days
1547,0.815,82.4,tenure_days
1548,0.125,213.2,tenure_days
1549,0.215,240.6,total_amount
1550,0.14,130.2,tenure_days
1551,0.48,48.55,tenure_days
1552,0.055,122.6,tenure_days
1553,0.26,138.0,total_amount
1554,0.045,67.5,tenure_days
1555,0.825,87.8,recency_days
1556,0.09,245.2,tenure_days
1557,0.75,74.15,tenure_days
1558,0.075,164.4,tenure_days
1559,0.04,55.5,tenure_days
1560,0.055,128.5,tenure_days
1561,0.115,48.2,tenure_days
1562,0.67,50.2,recency_days
1563,0.755,87.2,tenure_days
1564,0.09,233.2,total_amount
1565,0.67,139.9,tenure_days
1566,0.785,60.6,tenure_days
1567,0.04,68.55,tenure_days
1568,0.075,136.5,tenure_days
1569,0.34,91.6,tenure_days
1570,0.095,71.4,tenure_days
1571,0.1,47.75,tenure_days
1572,0.045,145.3,recency_days
1573,0.08,107.8,tenure_days
1574,0.615,215.6,total_amount
1575,0.045,65.6,tenure_days
1576,0.055,59.0,tenure_days
1577,0.72,78.1,tenure_days
1578,0.165,287.2,total_amount
1579,0.735,155.5,tenure_days
1580,0.085,44.15,tenure_days
1581,0.345,66.5,tenure_days
1582,0.685,63.55,tenure_days
1583,0.305,143.2,tenure_days
1584,0.185,153.8,tenure_days
1585,0.235,129.6,tenure_days
1586,0.21,116.7,tenure_days
1587,0.09,71.7,recency_days
1588,0.03,275.2,tenure_days
1589,0.06,106.0,tenure_days
1590,0.75,77.8,tenure_days
1591,0.06,153.2,tenure_days
1592,0.075,49.0,tenure_days
1593,0.575,85.3,tenure_days
1594,0.81,116.1,recency_days
1595,0.005,275.4,total_amount
1596,0.045,80.85,tenure_days
1597,0.66,169.5,total_amount
1598,0.86,224.2,total_amount
1599,0.095,80.8,tenure_days
1600,0.065,123.6,tenure_days
1601,0.045,280.4,tenure_days
1602,0.06,173.0,tenure_days
1603,0.015,69.9,tenure_days
1604,0.06,55.85,tenure_days
1605,0.37,157.2,tenure_days
1606,0.225,67.75,tenure_days
1607,0.12,260.0,tenure_days
1608,0.795,79.8,tenure_days
1609,0.595,142.9,total_amount
1610,0.18,77.55,tenure_days
1611,0.28,181.1,tenure_days
1612,0.26,76.7,tenure_days
1613,0.19,58.6,tenure_days
1614,0.13,174.8,tenure_days
1615,0.12,148.0,tenure_days
1616,0.245,119.1,tenure_days
1617,0.38,46.05,recency_days
1618,0.06,65.25,tenure_days
1619,0.11,143.5,tenure_days
1620,0.065,140.6,tenure_days
1621,0.165,68.1,recency_days
1622,0.75,138.0,recency_days
1623,0.72,106.8,tenure_days
1624,0.445,58.3,tenure_days
1625,0.65,132.7,tenure_days
1626,0.765,64.05,tenure_days
1627,0.115,327.6,tenure_days
1628,0.01,118.8,tenure_days
1629,0.76,157.5,tenure_days
1630,0.005,179.2,total_amount
1631,0.465,90.6,tenure_days
1632,0.85,103.7,tenure_days
1633,0.115,54.55,tenure_days
1634,0.775,76.7,tenure_days
1635,0.78,326.4,total_amount
1636,0.325,100.45,tenure_days
1637,0.025,63.15,tenure_days
1638,0.03,76.4,tenure_days
1639,0.705,140.7,tenure_days
1640,0.52,58.4,tenure_days
1641,0.18,137.6,tenure_days
1642,0.06,65.65,tenure_days
1643,0.115,205.2,tenure_days
1644,0.095,75.0,tenure_days
1645,0.14,76.9,tenure_days
1646,0.545,100.25,tenure_days
1647,0.055,78.65,tenure_days
1648,0.76,133.6,tenure_days
1649,0.02,76.95,tenure_days
1650,0.09,47.95,tenure_days
1651,0.92,68.4,tenure_days
1652,0.13,95.2,tenure_days
1653,0.09,113.3,tenure_days
1654,0.055,63.05,tenure_days
1655,0.0,73.05,tenure_days
1656,0.095,288.8,tenure_days
1657,0.72,91.2,tenure_days
1658,0.27,172.0,tenure_days
1659,0.745,178.1,tenure_days
1660,0.27,153.4,tenure_days
1661,0.275,57.0,tenure_days
1662,0.07,48.5,tenure_days
1663,0.675,88.3,tenure_days
1664,0.17,69.4,tenure_days
1665,0.025,243.6,tenure_days
1666,0.08,135.5,tenure_days
1667,0.175,57.6,tenure_days
1668,0.3,173.2,tenure_days
1669,0.41,70.7,recency_days
1670,0.18,84.2,total_amount
1671,0.02,72.0,tenure_days
1672,0.815,74.15,tenure_days
1673,0.06,116.1,total_amount
1674,0.055,69.75,tenure_days
1675,0.345,52.0,total_amount
1676,0.11,93.05,tenure_days
1677,0.77,160.1,tenure_days
1678,0.21,165.6,recency_days
1679,0.62,223.2,total_amount
1680,0.24,87.3,tenure_days
1681,0.195,70.9,tenure_days
1682,0.1,66.35,tenure_days
1683,0.055,422.8,total_amount
1684,0.685,57.8,recency_days
1685,0.22,109.9,tenure_days
1686,0.01,77.65,tenure_days
1687,0.085,93.5,tenure_days
1688,0.235,141.2,tenure_days
1689,0.105,134.3,tenure_days
1690,0.13,91.05,recency_days
1691,0.1,85.15,tenure_days
1692,0.205,137.5,tenure_days
1693,0.04,79.0,tenure_days
1694,0.225,78.45,tenure_days
1695,0.025,80.0,tenure_days
1696,0.055,41.2,tenure_days
1697,0.395,110.5,tenure_days
1698,0.06,145.7,tenure_days
1699,0.0,73.7,tenure_days
1700,0.64,94.6,tenure_days
1701,0.385,251.6,tenure_days
1702,0.065,57.6,tenure_days
1703,0.055,102.7,tenure_days
1704,0.3,141.0,tenure_days
1705,0.185,52.35,tenure_days
1706,0.075,143.8,tenure_days
1707,0.73,296.2,total_amount
1708,0.045,114.3,tenure_days
1709,0.145,54.35,tenure_days
1710,0.79,187.2,total_amount
1711,0.125,92.5,tenure_days
1712,0.505,71.55,recency_days
1713,0.015,144.6,tenure_days
1714,0.125,125.6,tenure_days
1715,0.395,66.05,tenure_days
1716,0.1,56.4,recency_days
1717,0.42,217.6,total_amount
1718,0.31,180.5,tenure_days
1719,0.735,85.7,tenure_days
1720,0.04,112.6,tenure_days
1721,0.235,134.0,tenure_days
1722,0.215,114.0,tenure_days
1723,0.04,77.55,tenure_days
1724,0.58,113.65,tenure_days
1725,0.025,73.2,tenure_days
1726,0.045,129.2,tenure_days
1727,0.035,319.6,total_amount
1728,0.645,296.4,total_amount
1729,0.015,83.7,tenure_days
1730,0.065,61.55,tenure_days
1731,0.7,70.3,tenure_days
1732,0.41,84.7,tenure_days
1733,0.095,81.95,total_amount
1734,0.08,316.2,total_amount
1735,0.105,87.25,tenure_days
1736,0.1,67.95,tenure_days
1737,0.09,61.75,tenure_days
1738,0.155,76.25,tenure_days
1739,0.085,65.05,recency_days
1740,0.26,266.0,total_amount
1741,0.13,71.6,recency_days
1742,0.42,73.3,tenure_days
1743,0.675,168.5,tenure_days
1744,0.16,307.0,total_amount
1745,0.415,70.1,tenure_days
1746,0.07,73.05,tenure_days
1747,0.125,167.2,tenure_days
1748,0.305,122.9,tenure_days
1749,0.08,265.8,total_amount
1750,0.105,151.9,recency_days
1751,0.035,108.3,total_amount
1752,0.01,81.0,recency_days
1753,0.185,65.3,tenure_days
1754,0.19,62.25,tenure_days
1755,0.21,61.6,tenure_days
1756,0.805,70.1,tenure_days
1757,0.81,61.5,recency_days
1758,0.655,342.2,tenure_days
1759,0.125,54.65,recency_days
1760,0.035,290.6,total_amount
1761,0.65,217.8,total_amount
1762,0.035,186.1,tenure_days
1763,0.07,144.9,tenure_days
1764,0.29,113.8,tenure_days
1765,0.395,178.0,tenure_days
1766,0.765,63.7,tenure_days
1767,0.13,72.75,tenure_days
1768,0.225,98.4,tenure_days
1769,0.285,286.2,tenure_days
1770,0.74,73.35,tenure_days
1771,0.78,70.2,tenure_days
1772,0.125,163.2,tenure_days
1773,0.775,140.4,tenure_days
1774,0.795,67.1,tenure_days
1775,0.08,64.75,tenure_days
1776,0.245,85.0,tenure_days
1777,0.775,214.8,tenure_days
1778,0.1,46.65,recency_days
1779,0.175,67.75,tenure_days
1780,0.18,144.3,tenure_days
1781,0.02,60.1,recency_days
1782,0.105,63.1,tenure_days
1783,0.195,345.2,tenure_days
1784,0.5,61.25,tenure_days
1785,0.07,269.8,total_amount
1786,0.79,95.4,recency_days
1787,0.165,278.0,total_amount
1788,0.205,134.2,tenure_days
1789,0.02,87.25,tenure_days
1790,0.365,274.4,tenure_days
1791,0.415,70.45,tenure_days
1792,0.11,65.8,tenure_days
1793,0.735,63.1,tenure_days
1794,0.835,65.0,total_amount
1795,0.165,86.6,tenure_days
1796,0.125,129.3,tenure_days
1797,0.51,217.8,total_amount
1798,0.025,91.1,tenure_days
1799,0.065,75.15,tenure_days
1800,0.07,78.0,recency_days
1801,0.165,129.7,tenure_days
1802,0.69,75.25,tenure_days
1803,0.395,194.8,tenure_days
1804,0.03,138.7,tenure_days
1805,0.305,154.6,tenure_days
1806,0.09,90.05,tenure_days
1807,0.04,63.75,tenure_days
1808,0.1,75.3,tenure_days
1809,0.14,63.4,recency_days
1810,0.65,123.0,tenure_days
1811,0.055,196.4,tenure_days
1812,0.455,81.25,tenure_days
1813,0.07,58.05,tenure_days
1814,0.12,77.15,tenure_days
1815,0.02,135.8,tenure_days
1816,0.04,279.8,total_amount
1817,0.01,192.5,total_amount
1818,0.085,174.0,tenure_days
1819,0.15,67.45,tenure_days
1820,0.16,49.95,recency_days
1821,0.04,62.3,tenure_days
1822,0.075,359.6,tenure_days
1823,0.105,63.35,tenure_days
1824,0.085,88.5,tenure_days
1825,0.065,173.6,total_amount
1826,0.785,80.25,tenure_days
1827,0.135,61.6,tenure_days
1828,0.725,186.2,recency_days
1829,0.765,83.2,tenure_days
1830,0.67,145.0,total_amount
1831,0.1,62.3,total_amount
1832,0.145,143.0,tenure_days
1833,0.745,122.1,tenure_days
1834,0.04,66.75,tenure_days
1835,0.415,144.1,total_amount
1836,0.685,309.2,total_amount
1837,0.045,84.9,tenure_days
1838,0.505,167.4,tenure_days
1839,0.76,190.8,total_amount
1840,0.8,66.45,recency_days
1841,0.09,73.85,tenure_days
1842,0.78,70.75,tenure_days
1843,0.155,138.6,recency_days
1844,0.195,71.1,tenure_days
1845,0.12,151.9,tenure_days
1846,0.1,129.2,tenure_days
1847,0.08,180.3,tenure_days
1848,0.725,142.7,total_amount
1849,0.06,194.3,tenure_days
1850,0.66,45.15,tenure_days
1851,0.05,57.7,tenure_days
1852,0.13,76.85,tenure_days
1853,0.16,78.65,tenure_days
1854,0.025,150.2,recency_days
1855,0.175,76.1,tenure_days
1856,0.13,90.2,tenure_days
1857,0.795,69.6,tenure_days
1858,0.8,59.7,tenure_days
1859,0.02,87.9,total_amount
1860,0.04,68.85,total_amount
1861,0.335,74.75,tenure_days
1862,0.045,131.6,tenure_days
1863,0.035,144.7,tenure_days
1864,0.21,75.8,tenure_days
1865,0.62,83.85,tenure_days
1866,0.33,210.0,tenure_days
1867,0.055,115.9,tenure_days
1868,0.775,57.0,tenure_days
1869,0.28,66.65,tenure_days
1870,0.09,202.0,total_amount
1871,0.11,116.5,tenure_days
1872,0.845,148.2,tenure_days
1873,0.115,65.6,tenure_days
1874,0.305,48.55,tenure_days
1875,0.08,124.9,tenure_days
1876,0.1,80.65,tenure_days
1877,0.04,283.2,tenure_days
1878,0.01,129.8,tenure_days
1879,0.12,75.8,tenure_days
1880,0.095,104.7,tenure_days
1881,0.005,70.3,tenure_days
1882,0.055,205.2,tenure_days
1883,0.195,65.35,tenure_days
1884,0.825,100.7,total_amount
1885,0.44,66.85,tenure_days
1886,0.785,65.65,tenure_days
1887,0.17,121.0,tenure_days
1888,0.71,69.9,tenure_days
1889,0.07,154.4,tenure_days
1890,0.03,62.25,tenure_days
1891,0.76,37.9,tenure_days
1892,0.785,269.2,total_amount
1893,0.055,140.8,tenure_days
1894,0.06,321.0,tenure_days
1895,0.49,44.3,tenure_days
1896,0.12,64.55,tenure_days
1897,0.11,134.5,tenure_days
1898,0.1,173.4,total_amount
1899,0.075,140.1,tenure_days
1900,0.745,174.1,tenure_days
1901,0.1,145.3,tenure_days
1902,0.23,139.5,tenure_days
1903,0.665,81.5,tenure_days
1904,0.475,72.9,tenure_days
1905,0.815,91.1,tenure_days
1906,0.645,169.3,recency_days
1907,0.16,184.0,tenure_days
1908,0.8,70.4,tenure_days
1909,0.45,83.2,tenure_days
1910,0.075,69.2,tenure_days
1911,0.67,75.15,tenure_days
1912,0.17,70.35,total_amount
1913,0.065,65.75,tenure_days
1914,0.09,158.1,tenure_days
1915,0.74,63.8,tenure_days
1916,0.025,64.85,recency_days
1917,0.075,72.4,tenure_days
1918,0.05,306.6,tenure_days
1919,0.74,129.5,tenure_days
1920,0.545,61.95,tenure_days
1921,0.045,73.05,tenure_days
1922,0.685,120.3,recency_days
1923,0.4,49.7,tenure_days
1924,0.055,64.3,tenure_days
1925,0.035,46.5,tenure_days
1926,0.095,54.95,tenure_days
1927,0.665,53.8,tenure_days
1928,0.02,113.3,tenure_days
1929,0.305,150.9,tenure_days
1930,0.025,156.4,recency_days
1931,0.275,61.35,recency_days
1932,0.75,57.5,tenure_days
1933,0.08,95.55,tenure_days
1934,0.235,66.9,tenure_days
1935,0.13,71.25,tenure_days
1936,0.775,87.9,tenure_days
1937,0.09,68.4,tenure_days
1938,0.155,319.4,total_amount
1939,0.585,61.7,tenure_days
1940,0.115,248.2,tenure_days
1941,0.105,113.7,tenure_days
1942,0.09,63.9,recency_days
1943,0.095,142.9,tenure_days
1944,0.72,71.05,tenure_days
1945,0.105,91.8,tenure_days
1946,0.135,230.8,tenure_days
1947,0.075,119.7,tenure_days
1948,0.505,143.1,tenure_days
1949,0.095,308.4,total_amount
1950,0.275,137.2,recency_days
1951,0.695,185.2,tenure_days
1952,0.73,331.8,tenure_days
1953,0.09,342.2,total_amount
1954,0.05,45.35,tenure_days
1955,0.115,142.2,tenure_days
1956,0.025,223.8,total_amount
1957,0.66,186.4,recency_days
1958,0.725,59.5,tenure_days
1959,0.11,147.2,tenure_days
1960,0.7,126.4,tenure_days
1961,0.205,125.6,tenure_days
1962,0.125,59.0,tenure_days
1963,0.1,111.35,tenure_days
1964,0.2,66.55,tenure_days
1965,0.285,72.15,tenure_days
1966,0.275,87.95,tenure_days
1967,0.78,120.2,tenure_days
1968,0.01,65.2,tenure_days
1969,0.2,141.5,tenure_days
1970,0.105,130.4,tenure_days
1971,0.395,203.3,tenure_days
1972,0.32,151.6,total_amount
1973,0.04,87.0,tenure_days
1974,0.68,182.2,tenure_days
1975,0.045,239.6,tenure_days
1976,0.15,55.45,tenure_days
1977,0.6,86.25,tenure_days
1978,0.015,92.6,tenure_days
1979,0.365,77.1,tenure_days
1980,0.125,86.6,tenure_days
1981,0.09,162.8,tenure_days
1982,0.73,86.45,tenure_days
1983,0.035,52.0,tenure_days
1984,0.665,57.25,tenure_days
1985,0.12,127.8,tenure_days
1986,0.66,146.7,tenure_days
1987,0.005,65.55,tenure_days
1988,0.095,315.8,tenure_days
1989,0.415,64.25,tenure_days
1990,0.725,49.65,tenure_days
1991,0.01,128.8,tenure_days
1992,0.1,69.6,tenure_days
1993,0.135,63.65,tenure_days
1994,0.135,190.6,total_amount
1995,0.055,193.4,tenure_days
1996,0.06,171.1,tenure_days
1997,0.155,69.3,tenure_days
1998,0.105,99.7,recency_days
1999,0.06,79.8,tenure_days
2000,0.765,130.4,total_amount
2001,0.1,160.5,tenure_days
2002,0.02,133.2,tenure_days
2003,0.24,59.3,tenure_days
2004,0.07,142.1,tenure_days
2005,0.08,63.3,tenure_days
2006,0.155,311.4,total_amount
2007,0.115,335.8,total_amount
2008,0.85,56.45,tenure_days
2009,0.25,54.7,tenure_days
2010,0.75,51.15,tenure_days
2011,0.715,123.7,tenure_days
2012,0.77,67.4,tenure_days
2013,0.115,59.95,total_amount
2014,0.71,155.0,tenure_days
2015,0.0,89.6,recency_days
2016,0.275,56.55,tenure_days
2017,0.72,125.2,recency_days
2018,0.605,271.8,total_amount
2019,0.265,138.4,tenure_days
2020,0.67,210.4,total_amount
2021,0.335,87.25,tenure_days
2022,0.015,116.4,tenure_days
2023,0.325,90.8,tenure_days
2024,0.72,114.0,tenure_days
2025,0.24,70.5,tenure_days
2026,0.83,232.0,tenure_days
2027,0.15,75.65,tenure_days
2028,0.88,145.6,tenure_days
2029,0.25,153.8,tenure_days
2030,0.18,78.4,tenure_days
2031,0.035,73.15,tenure_days
2032,0.06,140.9,tenure_days
2033,0.285,199.0,tenure_days
2034,0.255,83.8,tenure_days
2035,0.09,114.2,tenure_days
2036,0.24,128.4,tenure_days
2037,0.02,336.8,total_amount
2038,0.055,157.1,recency_days
2039,0.245,58.4,tenure_days
2040,0.105,190.6,tenure_days
2041,0.34,77.8,tenure_days
2042,0.235,90.35,tenure_days
2043,0.11,47.95,tenure_days
2044,0.7,138.5,tenure_days
2045,0.045,147.0,tenure_days
2046,0.79,77.85,tenure_days
2047,0.215,65.35,tenure_days
2048,0.135,62.75,tenure_days
2049,0.8,59.5,tenure_days
2050,0.19,131.7,total_amount
2051,0.075,72.65,tenure_days
2052,0.8,43.0,recency_days
2053,0.14,122.0,tenure_days
2054,0.115,87.35,tenure_days
2055,0.135,458.8,total_amount
2056,0.65,90.1,tenure_days
2057,0.31,226.0,total_amount
2058,0.165,83.7,tenure_days
2059,0.255,61.35,tenure_days
2060,0.385,100.8,tenure_days
2061,0.03,82.15,tenure_days
2062,0.32,256.6,total_amount
2063,0.145,74.6,tenure_days
2064,0.595,64.35,tenure_days
2065,0.04,144.9,tenure_days
2066,0.01,129.2,tenure_days
2067,0.42,139.3,tenure_days
2068,0.165,93.9,tenure_days
2069,0.9,143.4,recency_days
2070,0.065,76.8,tenure_days
2071,0.745,72.9,tenure_days
2072,0.065,54.0,tenure_days
2073,0.295,81.2,tenure_days
2074,0.015,63.65,tenure_days
2075,0.125,192.5,tenure_days
2076,0.05,346.8,tenure_days
2077,0.005,63.75,tenure_days
2078,0.065,110.9,tenure_days
2079,0.02,271.0,total_amount
2080,0.19,150.1,tenure_days
2081,0.065,64.0,total_amount
2082,0.12,89.0,tenure_days
2083,0.01,147.2,tenure_days
2084,0.185,62.0,tenure_days
2085,0.335,190.8,total_amount
2086,0.035,51.25,tenure_days
2087,0.05,329.4,tenure_days
2088,0.765,126.8,tenure_days
2089,0.86,279.2,total_amount
2090,0.015,134.0,tenure_days
2091,0.245,160.2,tenure_days
2092,0.02,42.5,tenure_days
2093,0.075,110.8,tenure_days
2094,0.455,72.9,tenure_days
2095,0.235,172.3,tenure_days
2096,0.435,71.0,tenure_days
2097,0.035,272.0,tenure_days
2098,0.77,146.4,tenure_days
2099,0.015,71.75,tenure_days
2100,0.03,70.05,tenure_days
2101,0.435,52.45,tenure_days
2102,0.79,130.6,total_amount
2103,0.28,341.2,total_amount
2104,0.125,162.8,tenure_days
2105,0.02,69.95,tenure_days
2106,0.075,289.0,tenure_days
2107,0.085,80.55,tenure_days
2108,0.225,137.3,tenure_days
2109,0.045,130.8,tenure_days
2110,0.06,358.0,tenure_days
2111,0.09,49.6,tenure_days
2112,0.15,65.05,tenure_days
2113,0.05,154.9,tenure_days
2114,0.82,64.2,tenure_days
2115,0.075,295.0,tenure_days
2116,0.735,138.1,tenure_days
2117,0.075,51.4,total_amount
2118,0.085,95.0,tenure_days
2119,0.06,63.55,tenure_days
2120,0.08,96.1,tenure_days
2121,0.04,203.5,tenure_days
2122,0.095,193.2,total_amount
2123,0.21,116.7,tenure_days
2124,0.045,135.7,tenure_days
2125,0.755,128.2,total_amount
2126,0.125,45.35,recency_days
2127,0.015,75.0,recency_days
2128,0.82,198.0,recency_days
2129,0.08,191.6,tenure_days
2130,0.89,102.3,tenure_days
2131,0.045,112.6,total_amount
2132,0.63,117.2,tenure_days
2133,0.035,262.4,total_amount
2134,0.165,93.3,tenure_days
2135,0.085,240.6,total_amount
2136,0.155,124.5,tenure_days
2137,0.805,89.6,tenure_days
2138,0.035,77.5,tenure_days
2139,0.01,112.9,tenure_days
2140,0.145,223.4,total_amount
2141,0.09,161.0,tenure_days
2142,0.095,171.8,tenure_days
2143,0.075,120.5,tenure_days
2144,0.04,48.75,tenure_days
2145,0.765,64.85,tenure_days
2146,0.74,77.1,recency_days
2147,0.035,139.2,tenure_days
2148,0.145,185.2,tenure_days
2149,0.045,148.9,tenure_days
2150,0.11,326.0,total_amount
2151,0.015,71.45,recency_days
2152,0.095,63.6,tenure_days
2153,0.055,88.3,tenure_days
2154,0.2,159.1,recency_days
2155,0.19,157.1,tenure_days
2156,0.83,65.25,tenure_days
2157,0.105,78.2,tenure_days
2158,0.075,138.6,tenure_days
2159,0.31,66.2,tenure_days
2160,0.465,96.3,tenure_days
2161,0.705,131.7,tenure_days
2162,0.22,265.8,total_amount
2163,0.705,175.7,tenure_days
2164,0.29,123.8,tenure_days
2165,0.03,64.55,recency_days
2166,0.125,89.3,tenure_days
2167,0.125,71.4,tenure_days
2168,0.08,82.35,tenure_days
2169,0.69,200.6,tenure_days
2170,0.765,56.35,tenure_days
2171,0.03,91.9,tenure_days
2172,0.72,76.7,tenure_days
2173,0.395,72.35,recency_days
2174,0.625,95.9,tenure_days
2175,0.145,133.7,tenure_days
2176,0.11,70.15,tenure_days
2177,0.02,77.7,tenure_days
2178,0.26,94.9,total_amount
2179,0.085,66.75,tenure_days
2180,0.105,119.0,tenure_days
2181,0.09,58.75,tenure_days
2182,0.18,59.1,tenure_days
2183,0.055,58.7,recency_days
2184,0.09,55.65,recency_days
2185,0.1,137.2,tenure_days
2186,0.68,157.9,tenure_days
2187,0.305,127.2,tenure_days
2188,0.225,172.1,tenure_days
2189,0.045,90.6,tenure_days
2190,0.055,250.4,total_amount
2191,0.49,73.95,tenure_days
2192,0.18,55.9,tenure_days
2193,0.115,76.95,tenure_days
2194,0.835,87.9,recency_days
2195,0.2,312.8,total_amount
2196,0.09,113.8,recency_days
2197,0.825,84.7,tenure_days
2198,0.15,123.9,tenure_days
2199,0.705,85.25,tenure_days
2200,0.085,189.4,tenure_days
2201,0.15,110.7,tenure_days
2202,0.81,72.9,total_amount
2203,0.065,181.6,tenure_days
2204,0.115,85.75,tenure_days
2205,0.12,43.55,tenure_days
2206,0.225,58.9,tenure_days
2207,0.135,66.75,tenure_days
2208,0.75,109.1,tenure_days
2209,0.19,142.9,tenure_days
2210,0.125,220.8,tenure_days
2211,0.48,54.85,tenure_days
2212,0.105,89.7,tenure_days
2213,0.195,98.4,tenure_days
2214,0.025,67.65,tenure_days
2215,0.1,127.9,tenure_days
2216,0.015,228.9,recency_days
2217,0.13,54.05,tenure_days
2218,0.755,197.5,tenure_days
2219,0.01,74.3,tenure_days
2220,0.71,69.1,tenure_days
2221,0.775,76.05,tenure_days
2222,0.075,60.85,tenure_days
2223,0.025,53.1,recency_days
2224,0.04,337.6,total_amount
2225,0.06,74.95,tenure_days
2226,0.025,67.25,tenure_days
2227,0.225,66.25,tenure_days
2228,0.75,64.25,tenure_days
2229,0.8,155.6,recency_days_tx
2230,0.725,108.7,tenure_days
2231,0.685,87.2,tenure_days
2232,0.145,104.4,tenure_days
2233,0.25,84.7,tenure_days
2234,0.17,143.2,tenure_days
2235,0.15,161.5,tenure_days
2236,0.775,66.2,tenure_days
2237,0.755,72.0,tenure_days
2238,0.05,76.3,recency_days
2239,0.2,71.25,tenure_days
2240,0.015,215.2,total_amount
2241,0.425,44.25,tenure_days
2242,0.73,68.95,tenure_days
2243,0.695,106.1,tenure_days
2244,0.785,73.5,tenure_days
2245,0.84,62.0,tenure_days
2246,0.72,65.8,tenure_days
2247,0.375,45.9,tenure_days
2248,0.44,75.4,tenure_days
2249,0.8,54.95,tenure_days
2250,0.395,82.2,tenure_days
2251,0.335,69.1,tenure_days
2252,0.045,198.3,tenure_days
2253,0.25,266.2,total_amount
2254,0.14,132.5,tenure_days
2255,0.09,67.8,tenure_days
2256,0.84,61.0,tenure_days
2257,0.835,79.55,tenure_days
2258,0.08,70.05,tenure_days
2259,0.11,240.2,total_amount
2260,0.715,60.5,tenure_days
2261,0.44,212.4,total_amount
2262,0.245,354.4,tenure_days
2263,0.88,161.3,tenure_days
2264,0.105,130.3,tenure_days
2265,0.23,119.3,tenure_days
2266,0.065,137.1,total_amount
2267,0.765,314.2,total_amount
2268,0.21,76.95,recency_days
2269,0.75,61.2,recency_days
2270,0.705,118.4,tenure_days
2271,0.095,53.2,tenure_days
2272,0.155,58.75,recency_days
2273,0.035,66.85,recency_days
2274,0.74,61.5,tenure_days
2275,0.275,154.6,tenure_days
2276,0.815,272.0,tenure_days
2277,0.645,64.9,tenure_days
2278,0.055,125.5,tenure_days
2279,0.505,46.6,recency_days
2280,0.105,118.7,tenure_days
2281,0.01,169.2,tenure_days
2282,0.09,134.4,tenure_days
2283,0.68,115.2,tenure_days
2284,0.75,224.1,tenure_days
2285,0.33,165.8,tenure_days
2286,0.085,153.0,tenure_days
2287,0.16,149.2,recency_days_tx
2288,0.19,60.45,tenure_days
2289,0.06,262.6,total_amount
2290,0.02,117.9,tenure_days
2291,0.03,149.8,tenure_days
2292,0.105,155.5,tenure_days
2293,0.525,73.0,tenure_days
2294,0.14,141.0,total_amount
2295,0.08,86.15,tenure_days
2296,0.67,277.4,tenure_days
2297,0.045,98.25,tenure_days
2298,0.72,65.25,total_amount
2299,0.245,116.7,tenure_days
2300,0.06,171.8,total_amount
2301,0.075,80.9,tenure_days
2302,0.23,69.95,tenure_days
2303,0.16,136.7,tenure_days
2304,0.05,76.65,tenure_days
2305,0.09,94.1,tenure_days
2306,0.165,142.4,tenure_days
2307,0.785,84.1,tenure_days
2308,0.675,57.2,tenure_days
2309,0.845,135.2,recency_days
2310,0.11,128.8,tenure_days
2311,0.025,165.7,tenure_days
2312,0.31,72.15,tenure_days
2313,0.11,59.95,recency_days
2314,0.17,85.25,tenure_days
2315,0.15,69.7,tenure_days
2316,0.02,146.1,tenure_days
2317,0.16,326.8,total_amount
2318,0.805,86.5,tenure_days
2319,0.105,153.0,tenure_days
2320,0.785,56.3,tenure_days
2321,0.055,107.3,tenure_days
2322,0.21,73.2,tenure_days
2323,0.785,136.3,tenure_days
2324,0.01,161.8,tenure_days
2325,0.05,75.35,tenure_days
2326,0.09,77.65,tenure_days
2327,0.125,267.4,tenure_days
2328,0.1,174.5,tenure_days
2329,0.4,133.6,tenure_days
2330,0.16,115.95,tenure_days
2331,0.035,147.7,tenure_days
2332,0.02,133.7,recency_days
2333,0.08,114.1,tenure_days
2334,0.735,62.95,recency_days
2335,0.5,123.6,tenure_days
2336,0.01,80.2,recency_days
2337,0.185,253.2,total_amount
2338,0.77,140.1,tenure_days
2339,0.64,116.9,tenure_days
2340,0.82,69.3,tenure_days
2341,0.665,118.4,tenure_days
2342,0.385,92.8,tenure_days
2343,0.18,177.3,tenure_days
2344,0.05,258.6,total_amount
2345,0.03,78.65,tenure_days
2346,0.035,75.55,tenure_days
2347,0.205,90.3,tenure_days
2348,0.13,74.95,tenure_days
2349,0.05,91.4,tenure_days
2350,0.745,84.55,tenure_days
2351,0.15,143.2,tenure_days
2352,0.39,58.9,tenure_days
2353,0.12,281.6,total_amount
2354,0.265,74.7,recency_days
2355,0.205,368.0,total_amount
2356,0.13,95.15,tenure_days
2357,0.055,113.7,tenure_days
2358,0.075,118.8,tenure_days
2359,0.065,75.55,tenure_days
2360,0.025,115.6,tenure_days
2361,0.04,59.85,tenure_days
2362,0.09,271.8,total_amount
2363,0.365,63.25,total_amount
2364,0.085,59.5,recency_days
2365,0.105,68.7,tenure_days
2366,0.725,234.3,tenure_days
2367,0.245,67.5,tenure_days
2368,0.265,283.4,total_amount
2369,0.115,98.5,tenure_days
2370,0.03,121.8,tenure_days
2371,0.17,118.3,tenure_days
2372,0.245,137.8,tenure_days
2373,0.04,63.95,recency_days
2374,0.125,93.0,tenure_days
2375,0.195,170.8,recency_days
2376,0.175,48.8,recency_days
2377,0.83,141.3,tenure_days
2378,0.045,63.65,tenure_days
2379,0.09,272.8,total_amount
2380,0.765,53.85,tenure_days
2381,0.07,76.85,tenure_days
2382,0.78,71.65,recency_days
2383,0.09,137.0,tenure_days
2384,0.22,98.15,tenure_days
2385,0.085,73.2,tenure_days
2386,0.56,55.55,tenure_days
2387,0.61,136.3,tenure_days
2388,0.155,142.7,tenure_days
2389,0.105,199.6,tenure_days
2390,0.18,142.6,tenure_days
2391,0.2,151.4,tenure_days
2392,0.205,82.75,tenure_days
2393,0.515,78.65,tenure_days
2394,0.01,88.2,tenure_days
2395,0.77,142.5,tenure_days
2396,0.075,72.3,tenure_days
2397,0.11,98.0,tenure_days
2398,0.075,109.4,tenure_days
2399,0.095,188.5,tenure_days
2400,0.045,38.85,tenure_days
2401,0.18,281.2,total_amount
2402,0.79,163.8,tenure_days
2403,0.52,145.2,recency_days
2404,0.24,101.0,tenure_days
2405,0.105,67.7,tenure_days
2406,0.27,53.9,recency_days
2407,0.43,59.65,tenure_days
2408,0.14,72.2,tenure_days
2409,0.005,318.0,tenure_days
2410,0.225,58.25,tenure_days
2411,0.165,57.15,tenure_days
2412,0.21,68.5,tenure_days
2413,0.26,359.2,total_amount
2414,0.12,77.1,tenure_days
2415,0.65,156.9,tenure_days
2416,0.675,37.2,tenure_days
2417,0.09,39.65,tenure_days
2418,0.055,135.2,tenure_days
2419,0.49,65.3,tenure_days
2420,0.02,149.5,tenure_days
2421,0.07,236.6,total_amount
2422,0.195,165.4,tenure_days
2423,0.135,83.3,tenure_days
2424,0.065,116.3,recency_days
2425,0.16,56.35,tenure_days
2426,0.305,70.9,tenure_days
2427,0.37,132.3,tenure_days
2428,0.065,118.0,tenure_days
2429,0.14,113.2,tenure_days
2430,0.675,61.0,tenure_days
2431,0.025,62.85,recency_days
2432,0.005,69.15,tenure_days
2433,0.785,151.9,tenure_days
2434,0.095,161.8,total_amount
2435,0.05,152.6,recency_days
2436,0.025,178.0,recency_days
2437,0.1,324.8,total_amount
2438,0.215,69.35,tenure_days
2439,0.08,251.8,tenure_days
2440,0.85,85.65,tenure_days
2441,0.2,135.8,total_amount
2442,0.19,142.3,tenure_days
2443,0.28,150.0,tenure_days
2444,0.095,199.5,tenure_days
2445,0.085,55.05,tenure_days
2446,0.735,59.5,tenure_days
2447,0.025,154.1,tenure_days
2448,0.155,168.5,tenure_days
2449,0.47,368.0,total_amount
2450,0.095,151.8,tenure_days
2451,0.085,229.6,total_amount
2452,0.36,69.3,tenure_days
2453,0.185,105.75,tenure_days
2454,0.755,76.25,tenure_days
2455,0.25,38.0,tenure_days
2456,0.175,69.65,tenure_days
2457,0.465,90.2,recency_days
2458,0.755,82.35,tenure_days
2459,0.105,273.8,total_amount
2460,0.115,180.5,tenure_days
2461,0.155,83.85,tenure_days
2462,0.11,331.4,total_amount
2463,0.07,82.8,tenure_days
2464,0.63,40.55,tenure_days
2465,0.02,158.4,tenure_days
2466,0.775,292.6,tenure_days
2467,0.66,50.0,recency_days
2468,0.145,72.95,tenure_days
2469,0.03,72.3,tenure_days
2470,0.06,57.25,total_amount
2471,0.715,57.15,tenure_days
2472,0.71,93.1,tenure_days
2473,0.76,63.85,tenure_days
2474,0.225,154.3,tenure_days
2475,0.775,124.7,total_amount
2476,0.235,72.35,tenure_days
2477,0.32,348.2,total_amount
2478,0.125,123.1,tenure_days
2479,0.77,138.2,tenure_days
2480,0.11,170.2,tenure_days
2481,0.655,76.25,tenure_days
2482,0.04,44.6,tenure_days
2483,0.19,133.1,tenure_days
2484,0.09,68.6,recency_days
2485,0.025,85.05,tenure_days
2486,0.035,415.4,tenure_days
2487,0.805,85.75,tenure_days
2488,0.4,259.8,total_amount
2489,0.815,37.35,tenure_days
2490,0.11,54.75,tenure_days
2491,0.205,61.8,recency_days
2492,0.155,101.5,tenure_days
2493,0.085,85.95,tenure_days
2494,0.445,114.5,tenure_days
2495,0.63,67.35,tenure_days
2496,0.13,60.35,tenure_days
2497,0.5,97.25,tenure_days
2498,0.155,128.9,recency_days
2499,0.08,122.9,tenure_days
2500,0.235,145.2,recency_days
2501,0.81,120.3,tenure_days
2502,0.08,63.45,tenure_days
2503,0.02,125.2,tenure_days
2504,0.8,84.05,tenure_days
2505,0.18,155.1,tenure_days
2506,0.18,61.85,tenure_days
2507,0.085,299.0,total_amount
2508,0.06,164.2,tenure_days
2509,0.125,77.8,tenure_days
2510,0.025,201.4,recency_days
2511,0.18,61.2,tenure_days
2512,0.335,315.2,total_amount
2513,0.06,298.2,tenure_days
2514,0.085,142.0,total_amount
2515,0.125,94.05,tenure_days
2516,0.065,137.9,tenure_days
2517,0.08,157.2,recency_days
2518,0.09,136.3,total_amount
2519,0.125,145.5,tenure_days
2520,0.84,179.4,recency_days
2521,0.07,270.4,total_amount
2522,0.18,153.0,tenure_days
2523,0.035,76.55,tenure_days
2524,0.78,149.0,recency_days
2525,0.33,114.95,tenure_days
2526,0.235,317.4,tenure_days
2527,0.075,147.1,tenure_days
2528,0.075,79.95,tenure_days
2529,0.77,134.4,tenure_days
2530,0.13,71.55,tenure_days
2531,0.06,87.45,recency_days
2532,0.085,246.6,tenure_days
2533,0.205,58.6,tenure_days
2534,0.715,252.6,total_amount
2535,0.845,59.5,tenure_days
2536,0.215,60.25,tenure_days
2537,0.755,161.8,tenure_days
2538,0.325,384.4,total_amount
2539,0.1,88.65,tenure_days
2540,0.11,164.2,tenure_days
2541,0.155,95.45,tenure_days
2542,0.07,66.1,tenure_days
2543,0.07,130.4,tenure_days
2544,0.085,96.25,total_amount
2545,0.805,60.1,recency_days
2546,0.26,205.8,total_amount
2547,0.76,258.8,tenure_days
2548,0.37,64.6,tenure_days
2549,0.08,78.7,tenure_days
2550,0.735,71.3,tenure_days
2551,0.075,118.9,tenure_days
2552,0.075,83.1,tenure_days
2553,0.205,186.3,tenure_days
2554,0.095,207.6,total_amount
2555,0.15,115.2,tenure_days
2556,0.12,265.8,total_amount
2557,0.045,163.5,recency_days
2558,0.055,114.2,tenure_days
2559,0.745,52.5,tenure_days
2560,0.285,142.6,tenure_days
2561,0.025,122.6,tenure_days
2562,0.175,73.7,recency_days
2563,0.095,182.8,tenure_days
2564,0.15,42.5,tenure_days
2565,0.77,153.7,tenure_days
2566,0.08,86.0,tenure_days
2567,0.295,149.8,tenure_days
2568,0.81,126.7,tenure_days
2569,0.04,79.15,tenure_days
2570,0.605,76.9,tenure_days
2571,0.075,79.8,tenure_days
2572,0.71,409.0,tenure_days
2573,0.125,88.8,tenure_days
2574,0.205,250.0,total_amount
2575,0.21,64.2,tenure_days
2576,0.13,60.65,tenure_days
2577,0.065,288.6,tenure_days
2578,0.735,58.2,recency_days
2579,0.305,49.35,tenure_days
2580,0.025,109.9,total_amount
2581,0.025,74.1,tenure_days
2582,0.1,198.1,total_amount
2583,0.015,288.2,total_amount
2584,0.105,73.05,tenure_days
2585,0.105,88.6,tenure_days
2586,0.395,88.9,tenure_days
2587,0.72,132.8,total_amount
2588,0.18,74.9,recency_days
2589,0.775,67.6,tenure_days
2590,0.215,78.1,tenure_days
2591,0.085,271.0,total_amount
2592,0.79,299.4,total_amount
2593,0.65,67.25,tenure_days
2594,0.03,58.15,tenure_days
2595,0.065,73.5,tenure_days
2596,0.23,79.1,tenure_days
2597,0.105,67.9,tenure_days
2598,0.755,123.0,tenure_days
2599,0.585,62.3,tenure_days
2600,0.08,241.8,tenure_days
2601,0.095,131.2,tenure_days
2602,0.52,56.15,tenure_days
2603,0.28,85.05,tenure_days
2604,0.34,131.7,tenure_days
2605,0.32,171.3,tenure_days
2606,0.22,51.9,tenure_days
2607,0.085,139.2,tenure_days
2608,0.79,116.7,tenure_days
2609,0.03,151.3,tenure_days
2610,0.075,303.6,total_amount
2611,0.48,88.4,tenure_days
2612,0.31,70.65,total_amount
2613,0.29,52.75,tenure_days
2614,0.805,66.15,tenure_days
2615,0.16,294.4,tenure_days
2616,0.245,50.4,tenure_days
2617,0.09,73.5,recency_days
2618,0.18,157.1,tenure_days
2619,0.745,75.4,tenure_days
2620,0.09,92.05,tenure_days
2621,0.86,129.8,tenure_days
2622,0.14,152.0,tenure_days
2623,0.05,190.0,tenure_days
2624,0.09,66.85,tenure_days
2625,0.12,150.2,tenure_days
2626,0.275,78.45,tenure_days
2627,0.81,134.6,tenure_days
2628,0.13,69.3,tenure_days
2629,0.145,78.5,tenure_days
2630,0.165,89.35,tenure_days
2631,0.165,112.3,recency_days
2632,0.02,74.75,recency_days
2633,0.82,207.6,tenure_days
2634,0.08,165.4,tenure_days
2635,0.23,61.5,tenure_days
2636,0.13,86.9,tenure_days
2637,0.815,134.7,tenure_days
2638,0.18,85.9,tenure_days
2639,0.325,150.0,tenure_days
2640,0.0,102.6,tenure_days
2641,0.015,94.55,tenure_days
2642,0.065,280.0,total_amount
2643,0.71,122.2,tenure_days
2644,0.545,75.8,tenure_days
2645,0.08,154.2,tenure_days
2646,0.15,135.2,recency_days
2647,0.075,55.6,tenure_days
2648,0.755,57.4,tenure_days
2649,0.08,85.8,tenure_days
2650,0.05,125.65,tenure_days
2651,0.74,92.15,tenure_days
2652,0.045,252.0,total_amount
2653,0.205,336.0,total_amount
2654,0.32,68.3,tenure_days
2655,0.145,81.85,tenure_days
2656,0.79,74.9,tenure_days
2657,0.34,88.6,tenure_days
2658,0.155,100.1,tenure_days
2659,0.13,267.6,tenure_days
2660,0.15,81.3,tenure_days
2661,0.125,181.5,tenure_days
2662,0.77,55.65,tenure_days
2663,0.34,102.25,recency_days
2664,0.125,302.6,tenure_days
2665,0.23,207.8,tenure_days
2666,0.04,60.8,recency_days
2667,0.31,62.6,tenure_days
2668,0.51,104.5,tenure_days
2669,0.265,82.75,tenure_days
2670,0.025,156.5,tenure_days
2671,0.46,49.9,tenure_days
2672,0.23,93.7,tenure_days
2673,0.125,67.3,tenure_days
2674,0.095,64.8,tenure_days
2675,0.12,116.9,tenure_days
2676,0.14,248.8,tenure_days
2677,0.04,97.85,tenure_days
2678,0.08,72.75,tenure_days
2679,0.815,75.15,recency_days
2680,0.05,156.1,tenure_days
2681,0.19,75.85,tenure_days
2682,0.205,61.25,tenure_days
2683,0.255,78.05,tenure_days
2684,0.075,59.55,tenure_days
2685,0.235,96.75,tenure_days
2686,0.08,314.8,total_amount
2687,0.035,55.8,recency_days
2688,0.045,281.2,total_amount
2689,0.315,132.8,tenure_days
2690,0.705,87.15,tenure_days
2691,0.015,164.2,tenure_days
2692,0.86,84.45,tenure_days
2693,0.79,87.05,tenure_days
2694,0.735,74.0,tenure_days
2695,0.06,112.5,recency_days
2696,0.78,86.1,tenure_days
2697,0.08,153.5,total_amount
2698,0.84,84.9,tenure_days
2699,0.03,146.4,tenure_days
2700,0.045,270.8,total_amount
2701,0.105,106.9,tenure_days
2702,0.305,49.55,tenure_days
2703,0.785,84.8,tenure_days
2704,0.04,153.2,tenure_days
2705,0.85,68.0,recency_days
2706,0.085,145.5,recency_days
2707,0.015,179.6,tenure_days
2708,0.185,120.3,tenure_days
2709,0.175,150.9,recency_days
2710,0.22,78.7,tenure_days
2711,0.22,41.95,tenure_days
2712,0.485,131.5,tenure_days
2713,0.08,156.9,recency_days
2714,0.055,62.2,recency_days
2715,0.72,225.4,total_amount
2716,0.02,147.2,tenure_days
2717,0.375,247.8,total_amount
2718,0.08,109.5,tenure_days
2719,0.14,271.6,total_amount
2720,0.07,132.5,tenure_days
2721,0.185,185.6,tenure_days
2722,0.2,197.7,tenure_days
2723,0.09,67.05,recency_days
2724,0.39,76.5,tenure_days
2725,0.125,196.8,total_amount
2726,0.125,66.3,tenure_days
2727,0.145,180.1,tenure_days
2728,0.82,78.5,recency_days
2729,0.145,92.95,tenure_days
2730,0.105,250.8,tenure_days
2731,0.14,232.4,tenure_days
2732,0.53,179.3,tenure_days
2733,0.08,67.75,tenure_days
2734,0.81,87.05,recency_days
2735,0.065,84.7,tenure_days
2736,0.025,399.8,tenure_days
2737,0.04,118.6,tenure_days
2738,0.265,141.2,tenure_days
2739,0.08,65.35,total_amount
2740,0.145,128.4,tenure_days
2741,0.075,83.95,tenure_days
2742,0.075,67.85,tenure_days
2743,0.095,132.8,tenure_days
2744,0.42,123.7,tenure_days
2745,0.055,253.4,tenure_days
2746,0.025,199.1,recency_days
2747,0.77,65.4,recency_days
2748,0.075,193.4,tenure_days
2749,0.025,180.0,tenure_days
2750,0.215,68.9,tenure_days
2751,0.085,302.6,tenure_days
2752,0.29,89.6,tenure_days
2753,0.725,70.95,tenure_days
2754,0.105,50.85,tenure_days
2755,0.16,155.2,tenure_days
2756,0.175,82.75,tenure_days
2757,0.115,139.3,tenure_days
2758,0.15,71.35,recency_days
2759,0.045,127.7,tenure_days
2760,0.05,144.5,tenure_days
2761,0.06,169.7,tenure_days
2762,0.055,57.5,tenure_days
2763,0.75,290.0,total_amount
2764,0.035,76.65,tenure_days
2765,0.155,73.45,tenure_days
2766,0.35,74.0,tenure_days
2767,0.18,155.7,tenure_days
2768,0.125,52.85,tenure_days
2769,0.735,155.6,total_amount
2770,0.005,163.1,total_amount
2771,0.12,109.9,tenure_days
2772,0.385,66.95,tenure_days
2773,0.465,87.1,tenure_days
2774,0.755,127.8,total_amount
2775,0.04,84.8,tenure_days
2776,0.055,54.45,tenure_days
2777,0.8,67.05,tenure_days
2778,0.805,103.7,tenure_days
2779,0.665,212.6,tenure_days
2780,0.08,68.4,tenure_days
2781,0.67,113.1,tenure_days
2782,0.875,145.4,tenure_days
2783,0.285,61.15,tenure_days
2784,0.295,86.4,total_amount
2785,0.06,130.2,tenure_days
2786,0.205,54.8,tenure_days
2787,0.845,73.2,tenure_days
2788,0.035,78.65,tenure_days
2789,0.02,91.0,tenure_days
2790,0.275,64.15,tenure_days
2791,0.01,124.5,recency_days
2792,0.14,97.9,tenure_days
2793,0.495,182.9,tenure_days
2794,0.73,228.2,total_amount
2795,0.29,73.4,tenure_days
2796,0.04,115.2,tenure_days
2797,0.22,43.85,recency_days
2798,0.815,80.5,tenure_days
2799,0.12,134.9,total_amount
2800,0.12,113.35,tenure_days
2801,0.025,184.6,tenure_days
2802,0.08,141.0,total_amount
2803,0.73,89.7,tenure_days
2804,0.63,76.0,tenure_days
2805,0.1,150.7,tenure_days
2806,0.205,154.4,tenure_days
2807,0.21,70.65,tenure_days
2808,0.075,111.6,tenure_days
2809,0.28,92.7,tenure_days
2810,0.025,114.8,tenure_days
2811,0.15,73.7,recency_days
2812,0.1,140.2,tenure_days
2813,0.13,141.0,tenure_days
2814,0.57,88.15,recency_days
2815,0.09,51.6,tenure_days
2816,0.1,187.3,tenure_days
2817,0.025,158.0,tenure_days
2818,0.275,264.8,total_amount
2819,0.545,58.55,tenure_days
2820,0.87,133.4,tenure_days
2821,0.21,53.5,recency_days
2822,0.275,78.6,tenure_days
2823,0.125,93.05,tenure_days
2824,0.44,164.4,tenure_days
2825,0.85,77.95,tenure_days
2826,0.065,150.2,tenure_days
2827,0.015,66.1,tenure_days
2828,0.11,159.4,recency_days
2829,0.68,298.4,total_amount
2830,0.19,250.2,tenure_days
2831,0.765,161.8,tenure_days
2832,0.385,206.8,total_amount
2833,0.085,171.7,tenure_days
2834,0.265,97.4,tenure_days
2835,0.87,272.4,total_amount
2836,0.205,119.1,total_amount
2837,0.275,197.6,total_amount
2838,0.835,117.6,tenure_days
2839,0.23,377.2,total_amount
2840,0.12,51.5,total_amount
2841,0.06,157.4,tenure_days
2842,0.835,73.2,recency_days
2843,0.17,61.6,tenure_days
2844,0.73,64.85,tenure_days
2845,0.075,128.1,tenure_days
2846,0.68,86.8,recency_days
2847,0.145,82.55,tenure_days
2848,0.005,69.1,tenure_days
2849,0.07,148.9,recency_days
2850,0.675,89.85,tenure_days
2851,0.32,89.85,tenure_days
2852,0.175,63.05,tenure_days
2853,0.105,211.2,total_amount
2854,0.03,81.9,tenure_days
2855,0.85,102.55,tenure_days
2856,0.675,74.6,tenure_days
2857,0.18,106.7,tenure_days
2858,0.065,216.0,total_amount
2859,0.75,76.4,tenure_days
2860,0.24,77.95,tenure_days
2861,0.385,34.2,tenure_days
2862,0.75,139.2,tenure_days
2863,0.72,64.75,tenure_days
2864,0.36,141.9,tenure_days
2865,0.25,171.9,tenure_days
2866,0.16,179.4,tenure_days
2867,0.105,156.1,tenure_days
2868,0.2,65.65,tenure_days
2869,0.55,69.5,tenure_days
2870,0.07,98.6,tenure_days
2871,0.09,147.4,tenure_days
2872,0.08,139.4,tenure_days
2873,0.035,135.8,tenure_days
2874,0.025,78.65,tenure_days
2875,0.01,197.4,total_amount
2876,0.83,114.1,recency_days
2877,0.07,91.35,tenure_days
2878,0.745,46.65,tenure_days
2879,0.065,71.4,tenure_days
2880,0.125,124.1,tenure_days
2881,0.11,220.2,total_amount
2882,0.54,63.4,tenure_days
2883,0.055,68.8,tenure_days
2884,0.205,76.6,tenure_days
2885,0.675,190.5,tenure_days
2886,0.68,69.0,tenure_days
2887,0.49,60.45,tenure_days
2888,0.025,69.1,tenure_days
2889,0.275,93.0,tenure_days
2890,0.08,71.5,tenure_days
2891,0.085,98.8,tenure_days
2892,0.645,178.1,tenure_days
2893,0.04,52.55,tenure_days
2894,0.03,92.4,tenure_days
2895,0.045,59.35,total_amount
2896,0.15,91.95,tenure_days
2897,0.69,65.3,tenure_days
2898,0.1,67.95,tenure_days
2899,0.605,105.0,tenure_days
2900,0.75,171.0,tenure_days
2901,0.005,60.8,recency_days
2902,0.115,79.85,tenure_days
2903,0.07,211.4,total_amount
2904,0.855,93.3,tenure_days
2905,0.345,316.4,total_amount
2906,0.21,140.9,tenure_days
2907,0.78,83.4,total_amount
2908,0.695,152.4,tenure_days
2909,0.075,142.5,tenure_days
2910,0.065,67.0,tenure_days
2911,0.55,256.8,total_amount
2912,0.13,53.6,total_amount
2913,0.1,112.2,recency_days
2914,0.365,55.6,tenure_days
2915,0.18,126.5,tenure_days
2916,0.035,69.7,tenure_days
2917,0.085,80.4,tenure_days
2918,0.185,149.6,tenure_days
2919,0.725,190.0,tenure_days
2920,0.77,110.9,tenure_days
2921,0.785,79.8,tenure_days
2922,0.66,116.6,tenure_days
2923,0.16,124.4,tenure_days
2924,0.73,277.4,total_amount
2925,0.12,143.4,tenure_days
2926,0.77,42.95,tenure_days
2927,0.275,132.1,recency_days
2928,0.385,70.7,recency_days
2929,0.42,76.25,tenure_days
2930,0.255,72.35,tenure_days
2931,0.175,141.0,tenure_days
2932,0.06,113.0,tenure_days
2933,0.09,76.75,tenure_days
2934,0.18,214.5,tenure_days
2935,0.125,64.95,tenure_days
2936,0.14,105.0,tenure_days
2937,0.175,78.4,tenure_days
2938,0.025,59.8,tenure_days
2939,0.165,62.35,recency_days
2940,0.06,99.9,recency_days
2941,0.215,42.1,tenure_days
2942,0.1,56.2,tenure_days
2943,0.085,280.0,total_amount
2944,0.75,110.8,tenure_days
2945,0.875,59.5,recency_days
2946,0.705,88.7,tenure_days
2947,0.73,112.55,tenure_days
2948,0.77,66.2,tenure_days
2949,0.625,306.6,total_amount
2950,0.17,125.2,tenure_days
2951,0.22,83.8,recency_days
2952,0.09,137.0,tenure_days
2953,0.145,133.4,tenure_days
2954,0.23,69.7,recency_days
2955,0.13,178.9,tenure_days
2956,0.045,370.6,total_amount
2957,0.05,62.65,tenure_days
2958,0.035,77.7,tenure_days
2959,0.15,132.8,tenure_days
2960,0.03,95.3,total_amount
2961,0.1,164.0,tenure_days
2962,0.175,145.8,tenure_days
2963,0.85,272.0,tenure_days
2964,0.025,236.8,tenure_days
2965,0.07,121.7,tenure_days
2966,0.46,78.8,tenure_days
2967,0.8,55.95,tenure_days
2968,0.175,75.6,tenure_days
2969,0.195,82.7,tenure_days
2970,0.055,215.6,total_amount
2971,0.46,55.2,tenure_days
2972,0.025,98.6,recency_days
2973,0.0,146.0,tenure_days
2974,0.21,95.0,tenure_days
2975,0.77,76.4,tenure_days
2976,0.405,74.9,tenure_days
2977,0.32,104.8,tenure_days
2978,0.025,73.45,tenure_days
2979,0.23,36.4,tenure_days
2980,0.71,47.55,tenure_days
2981,0.275,156.4,tenure_days
2982,0.01,174.6,recency_days
2983,0.05,235.0,total_amount
2984,0.205,79.8,tenure_days
2985,0.12,58.25,recency_days
2986,0.07,199.0,tenure_days
2987,0.045,137.8,tenure_days
2988,0.215,59.9,recency_days
2989,0.1,283.4,tenure_days
2990,0.045,61.85,tenure_days
2991,0.015,68.5,tenure_days
2992,0.12,165.5,tenure_days
2993,0.28,55.55,tenure_days
2994,0.77,77.45,tenure_days
2995,0.06,85.55,tenure_days
2996,0.11,123.2,tenure_days
2997,0.055,98.4,recency_days
2998,0.17,88.25,tenure_days
2999,0.545,89.6,tenure_days
3000,0.51,147.2,recency_days
